"Measure.ID","Score","Score_numeric"
"SEV_SEP_6HR","100",100
"SEV_SEP_6HR","100",100
"SEV_SEP_6HR","94",94
"SEV_SEP_6HR",NA,NA
"SEV_SEP_6HR",NA,NA
"SEV_SEP_6HR","96",96
"SEV_SEP_6HR","100",100
"SEV_SEP_6HR","96",96
"SEV_SEP_6HR",NA,NA
"SEV_SEP_6HR","92",92
"SEV_SEP_6HR","93",93
"SEV_SEP_6HR",NA,NA
"SEV_SEP_6HR","97",97
"SEV_SEP_6HR","92",92
"SEV_SEP_6HR","97",97
"SEV_SEP_6HR","92",92
"SEV_SEP_6HR",NA,NA
"SEV_SEP_6HR","100",100
"SEV_SEP_6HR","100",100
"SEV_SEP_6HR","91",91
"SEV_SEP_6HR","85",85
"SEV_SEP_6HR","100",100
"SEV_SEP_6HR","98",98
"SEV_SEP_6HR","97",97
"SEV_SEP_6HR","97",97
"SEV_SEP_6HR",NA,NA
"SEV_SEP_6HR","23",23
"SEV_SEP_6HR","87",87
"SEV_SEP_6HR","100",100
"SEV_SEP_6HR","83",83
"SEV_SEP_6HR",NA,NA
"SEV_SEP_6HR","78",78
"SEV_SEP_6HR",NA,NA
"SEV_SEP_6HR","86",86
"SEV_SEP_6HR","95",95
"SEV_SEP_6HR","94",94
"SEV_SEP_6HR","97",97
"SEV_SEP_6HR","91",91
"SEV_SEP_6HR","74",74
"SEV_SEP_6HR","96",96
"SEV_SEP_6HR","96",96
"SEV_SEP_6HR","81",81
"SEV_SEP_6HR","99",99
"SEV_SEP_6HR",NA,NA
"SEV_SEP_6HR","92",92
"SEV_SEP_6HR",NA,NA
"SEV_SEP_6HR",NA,NA
"SEV_SEP_6HR","100",100
"SEV_SEP_6HR","95",95
"SEV_SEP_6HR","98",98
"SEV_SEP_6HR",NA,NA
"SEV_SEP_6HR","82",82
"SEV_SEP_6HR","95",95
"SEV_SEP_6HR","94",94
"SEV_SEP_6HR",NA,NA
"SEV_SEP_6HR","21",21
"SEV_SEP_6HR","92",92
"SEV_SEP_6HR","79",79
"SEV_SEP_6HR","95",95
"SEV_SEP_6HR","94",94
"SEV_SEP_6HR",NA,NA
"SEV_SEP_6HR","82",82
"SEV_SEP_6HR",NA,NA
"SEV_SEP_6HR","100",100
"SEV_SEP_6HR",NA,NA
"SEV_SEP_6HR","76",76
"SEV_SEP_6HR",NA,NA
"SEV_SEP_6HR","79",79
"SEV_SEP_6HR","92",92
"SEV_SEP_6HR",NA,NA
"SEV_SEP_6HR","100",100
"SEV_SEP_6HR",NA,NA
"SEV_SEP_6HR",NA,NA
"SEV_SEP_6HR","85",85
"SEV_SEP_6HR","98",98
"SEV_SEP_6HR","94",94
"SEV_SEP_6HR",NA,NA
"SEV_SEP_6HR",NA,NA
"SEV_SEP_6HR","100",100
"SEV_SEP_6HR",NA,NA
"SEV_SEP_6HR",NA,NA
"SEV_SEP_6HR",NA,NA
"SEV_SEP_6HR","100",100
"SEV_SEP_6HR",NA,NA
"SEV_SEP_6HR",NA,NA
"SEV_SEP_6HR",NA,NA
"SEV_SEP_6HR",NA,NA
"SEV_SEP_6HR","96",96
"SEV_SEP_6HR","94",94
"SEV_SEP_6HR","75",75
"SEV_SEP_6HR","80",80
"SEV_SEP_6HR","98",98
"SEV_SEP_6HR","91",91
"SEV_SEP_6HR","94",94
"SEV_SEP_6HR","95",95
"SEV_SEP_6HR",NA,NA
"SEV_SEP_6HR",NA,NA
"SEV_SEP_6HR",NA,NA
"SEV_SEP_6HR",NA,NA
"SEV_SEP_6HR",NA,NA
"SEV_SEP_6HR",NA,NA
"SEV_SEP_6HR",NA,NA
"SEV_SEP_6HR",NA,NA
"SEV_SEP_6HR",NA,NA
"SEV_SEP_6HR",NA,NA
"SEV_SEP_6HR",NA,NA
"SEV_SEP_6HR","88",88
"SEV_SEP_6HR",NA,NA
"SEV_SEP_6HR","96",96
"SEV_SEP_6HR",NA,NA
"SEV_SEP_6HR","89",89
"SEV_SEP_6HR","92",92
"SEV_SEP_6HR","85",85
"SEV_SEP_6HR","82",82
"SEV_SEP_6HR","87",87
"SEV_SEP_6HR","93",93
"SEV_SEP_6HR","93",93
"SEV_SEP_6HR","94",94
"SEV_SEP_6HR","88",88
"SEV_SEP_6HR","87",87
"SEV_SEP_6HR","88",88
"SEV_SEP_6HR","92",92
"SEV_SEP_6HR","81",81
"SEV_SEP_6HR","98",98
"SEV_SEP_6HR","81",81
"SEV_SEP_6HR","88",88
"SEV_SEP_6HR","86",86
"SEV_SEP_6HR","86",86
"SEV_SEP_6HR","79",79
"SEV_SEP_6HR","87",87
"SEV_SEP_6HR","92",92
"SEV_SEP_6HR","84",84
"SEV_SEP_6HR","94",94
"SEV_SEP_6HR","79",79
"SEV_SEP_6HR","91",91
"SEV_SEP_6HR",NA,NA
"SEV_SEP_6HR","97",97
"SEV_SEP_6HR","86",86
"SEV_SEP_6HR","32",32
"SEV_SEP_6HR","85",85
"SEV_SEP_6HR","94",94
"SEV_SEP_6HR","84",84
"SEV_SEP_6HR","80",80
"SEV_SEP_6HR","90",90
"SEV_SEP_6HR","89",89
"SEV_SEP_6HR","85",85
"SEV_SEP_6HR","97",97
"SEV_SEP_6HR","90",90
"SEV_SEP_6HR",NA,NA
"SEV_SEP_6HR",NA,NA
"SEV_SEP_6HR",NA,NA
"SEV_SEP_6HR","89",89
"SEV_SEP_6HR","86",86
"SEV_SEP_6HR",NA,NA
"SEV_SEP_6HR","79",79
"SEV_SEP_6HR","88",88
"SEV_SEP_6HR","90",90
"SEV_SEP_6HR","64",64
"SEV_SEP_6HR","98",98
"SEV_SEP_6HR","79",79
"SEV_SEP_6HR","90",90
"SEV_SEP_6HR","98",98
"SEV_SEP_6HR","95",95
"SEV_SEP_6HR","90",90
"SEV_SEP_6HR",NA,NA
"SEV_SEP_6HR","85",85
"SEV_SEP_6HR","78",78
"SEV_SEP_6HR","88",88
"SEV_SEP_6HR","96",96
"SEV_SEP_6HR","94",94
"SEV_SEP_6HR",NA,NA
"SEV_SEP_6HR",NA,NA
"SEV_SEP_6HR",NA,NA
"SEV_SEP_6HR",NA,NA
"SEV_SEP_6HR",NA,NA
"SEV_SEP_6HR",NA,NA
"SEV_SEP_6HR",NA,NA
"SEV_SEP_6HR",NA,NA
"SEV_SEP_6HR",NA,NA
"SEV_SEP_6HR",NA,NA
"SEV_SEP_6HR",NA,NA
"SEV_SEP_6HR",NA,NA
"SEV_SEP_6HR",NA,NA
"SEV_SEP_6HR",NA,NA
"SEV_SEP_6HR","100",100
"SEV_SEP_6HR",NA,NA
"SEV_SEP_6HR",NA,NA
"SEV_SEP_6HR",NA,NA
"SEV_SEP_6HR",NA,NA
"SEV_SEP_6HR","89",89
"SEV_SEP_6HR","45",45
"SEV_SEP_6HR",NA,NA
"SEV_SEP_6HR","100",100
"SEV_SEP_6HR","96",96
"SEV_SEP_6HR","87",87
"SEV_SEP_6HR","92",92
"SEV_SEP_6HR","96",96
"SEV_SEP_6HR","55",55
"SEV_SEP_6HR","84",84
"SEV_SEP_6HR",NA,NA
"SEV_SEP_6HR","78",78
"SEV_SEP_6HR","80",80
"SEV_SEP_6HR",NA,NA
"SEV_SEP_6HR","100",100
"SEV_SEP_6HR","95",95
"SEV_SEP_6HR","90",90
"SEV_SEP_6HR","88",88
"SEV_SEP_6HR","85",85
"SEV_SEP_6HR","90",90
"SEV_SEP_6HR","89",89
"SEV_SEP_6HR","90",90
"SEV_SEP_6HR","85",85
"SEV_SEP_6HR","82",82
"SEV_SEP_6HR","83",83
"SEV_SEP_6HR","83",83
"SEV_SEP_6HR","92",92
"SEV_SEP_6HR","39",39
"SEV_SEP_6HR","82",82
"SEV_SEP_6HR","85",85
"SEV_SEP_6HR",NA,NA
"SEV_SEP_6HR","100",100
"SEV_SEP_6HR","85",85
"SEV_SEP_6HR","86",86
"SEV_SEP_6HR","88",88
"SEV_SEP_6HR","92",92
"SEV_SEP_6HR","97",97
"SEV_SEP_6HR","96",96
"SEV_SEP_6HR",NA,NA
"SEV_SEP_6HR",NA,NA
"SEV_SEP_6HR","82",82
"SEV_SEP_6HR",NA,NA
"SEV_SEP_6HR","86",86
"SEV_SEP_6HR","90",90
"SEV_SEP_6HR",NA,NA
"SEV_SEP_6HR",NA,NA
"SEV_SEP_6HR",NA,NA
"SEV_SEP_6HR",NA,NA
"SEV_SEP_6HR",NA,NA
"SEV_SEP_6HR",NA,NA
"SEV_SEP_6HR",NA,NA
"SEV_SEP_6HR",NA,NA
"SEV_SEP_6HR",NA,NA
"SEV_SEP_6HR",NA,NA
"SEV_SEP_6HR",NA,NA
"SEV_SEP_6HR",NA,NA
"SEV_SEP_6HR",NA,NA
"SEV_SEP_6HR",NA,NA
"SEV_SEP_6HR",NA,NA
"SEV_SEP_6HR",NA,NA
"SEV_SEP_6HR",NA,NA
"SEV_SEP_6HR",NA,NA
"SEV_SEP_6HR","81",81
"SEV_SEP_6HR",NA,NA
"SEV_SEP_6HR",NA,NA
"SEV_SEP_6HR","100",100
"SEV_SEP_6HR",NA,NA
"SEV_SEP_6HR",NA,NA
"SEV_SEP_6HR",NA,NA
"SEV_SEP_6HR",NA,NA
"SEV_SEP_6HR",NA,NA
"SEV_SEP_6HR",NA,NA
"SEV_SEP_6HR",NA,NA
"SEV_SEP_6HR",NA,NA
"SEV_SEP_6HR",NA,NA
"SEV_SEP_6HR",NA,NA
"SEV_SEP_6HR","97",97
"SEV_SEP_6HR","82",82
"SEV_SEP_6HR","97",97
"SEV_SEP_6HR","97",97
"SEV_SEP_6HR","90",90
"SEV_SEP_6HR","92",92
"SEV_SEP_6HR","94",94
"SEV_SEP_6HR","95",95
"SEV_SEP_6HR","98",98
"SEV_SEP_6HR","98",98
"SEV_SEP_6HR","97",97
"SEV_SEP_6HR","100",100
"SEV_SEP_6HR","82",82
"SEV_SEP_6HR","97",97
"SEV_SEP_6HR","95",95
"SEV_SEP_6HR","96",96
"SEV_SEP_6HR","96",96
"SEV_SEP_6HR","96",96
"SEV_SEP_6HR","96",96
"SEV_SEP_6HR","80",80
"SEV_SEP_6HR","98",98
"SEV_SEP_6HR","97",97
"SEV_SEP_6HR","97",97
"SEV_SEP_6HR","96",96
"SEV_SEP_6HR","97",97
"SEV_SEP_6HR","93",93
"SEV_SEP_6HR","96",96
"SEV_SEP_6HR","88",88
"SEV_SEP_6HR","97",97
"SEV_SEP_6HR","97",97
"SEV_SEP_6HR","93",93
"SEV_SEP_6HR","95",95
"SEV_SEP_6HR","92",92
"SEV_SEP_6HR","88",88
"SEV_SEP_6HR","95",95
"SEV_SEP_6HR","93",93
"SEV_SEP_6HR","98",98
"SEV_SEP_6HR","87",87
"SEV_SEP_6HR","97",97
"SEV_SEP_6HR","94",94
"SEV_SEP_6HR","96",96
"SEV_SEP_6HR","94",94
"SEV_SEP_6HR","91",91
"SEV_SEP_6HR","100",100
"SEV_SEP_6HR","74",74
"SEV_SEP_6HR","86",86
"SEV_SEP_6HR","100",100
"SEV_SEP_6HR","95",95
"SEV_SEP_6HR","74",74
"SEV_SEP_6HR","94",94
"SEV_SEP_6HR","93",93
"SEV_SEP_6HR","98",98
"SEV_SEP_6HR","92",92
"SEV_SEP_6HR","95",95
"SEV_SEP_6HR","92",92
"SEV_SEP_6HR","97",97
"SEV_SEP_6HR","98",98
"SEV_SEP_6HR","100",100
"SEV_SEP_6HR","97",97
"SEV_SEP_6HR","97",97
"SEV_SEP_6HR","94",94
"SEV_SEP_6HR","97",97
"SEV_SEP_6HR","97",97
"SEV_SEP_6HR","88",88
"SEV_SEP_6HR","98",98
"SEV_SEP_6HR","93",93
"SEV_SEP_6HR","96",96
"SEV_SEP_6HR","83",83
"SEV_SEP_6HR","93",93
"SEV_SEP_6HR","97",97
"SEV_SEP_6HR","87",87
"SEV_SEP_6HR","84",84
"SEV_SEP_6HR","97",97
"SEV_SEP_6HR","98",98
"SEV_SEP_6HR","96",96
"SEV_SEP_6HR","98",98
"SEV_SEP_6HR","88",88
"SEV_SEP_6HR","100",100
"SEV_SEP_6HR","93",93
"SEV_SEP_6HR","99",99
"SEV_SEP_6HR","98",98
"SEV_SEP_6HR","92",92
"SEV_SEP_6HR",NA,NA
"SEV_SEP_6HR","94",94
"SEV_SEP_6HR","99",99
"SEV_SEP_6HR","95",95
"SEV_SEP_6HR","86",86
"SEV_SEP_6HR","88",88
"SEV_SEP_6HR","96",96
"SEV_SEP_6HR","98",98
"SEV_SEP_6HR","100",100
"SEV_SEP_6HR","100",100
"SEV_SEP_6HR","98",98
"SEV_SEP_6HR","98",98
"SEV_SEP_6HR","95",95
"SEV_SEP_6HR",NA,NA
"SEV_SEP_6HR","90",90
"SEV_SEP_6HR","100",100
"SEV_SEP_6HR","97",97
"SEV_SEP_6HR","89",89
"SEV_SEP_6HR","73",73
"SEV_SEP_6HR",NA,NA
"SEV_SEP_6HR","93",93
"SEV_SEP_6HR","91",91
"SEV_SEP_6HR","93",93
"SEV_SEP_6HR","97",97
"SEV_SEP_6HR","98",98
"SEV_SEP_6HR","94",94
"SEV_SEP_6HR","80",80
"SEV_SEP_6HR","97",97
"SEV_SEP_6HR","92",92
"SEV_SEP_6HR","93",93
"SEV_SEP_6HR","93",93
"SEV_SEP_6HR","94",94
"SEV_SEP_6HR","99",99
"SEV_SEP_6HR",NA,NA
"SEV_SEP_6HR","100",100
"SEV_SEP_6HR","95",95
"SEV_SEP_6HR","99",99
"SEV_SEP_6HR","89",89
"SEV_SEP_6HR","95",95
"SEV_SEP_6HR","94",94
"SEV_SEP_6HR","91",91
"SEV_SEP_6HR","89",89
"SEV_SEP_6HR","98",98
"SEV_SEP_6HR","54",54
"SEV_SEP_6HR","98",98
"SEV_SEP_6HR","92",92
"SEV_SEP_6HR","96",96
"SEV_SEP_6HR","98",98
"SEV_SEP_6HR","99",99
"SEV_SEP_6HR","90",90
"SEV_SEP_6HR","92",92
"SEV_SEP_6HR","92",92
"SEV_SEP_6HR","97",97
"SEV_SEP_6HR","83",83
"SEV_SEP_6HR","98",98
"SEV_SEP_6HR","92",92
"SEV_SEP_6HR","84",84
"SEV_SEP_6HR","97",97
"SEV_SEP_6HR","92",92
"SEV_SEP_6HR","98",98
"SEV_SEP_6HR","98",98
"SEV_SEP_6HR","99",99
"SEV_SEP_6HR","97",97
"SEV_SEP_6HR","91",91
"SEV_SEP_6HR","87",87
"SEV_SEP_6HR",NA,NA
"SEV_SEP_6HR","94",94
"SEV_SEP_6HR","93",93
"SEV_SEP_6HR","93",93
"SEV_SEP_6HR","83",83
"SEV_SEP_6HR","89",89
"SEV_SEP_6HR","82",82
"SEV_SEP_6HR","92",92
"SEV_SEP_6HR","95",95
"SEV_SEP_6HR",NA,NA
"SEV_SEP_6HR","98",98
"SEV_SEP_6HR","82",82
"SEV_SEP_6HR","91",91
"SEV_SEP_6HR","95",95
"SEV_SEP_6HR","97",97
"SEV_SEP_6HR","91",91
"SEV_SEP_6HR",NA,NA
"SEV_SEP_6HR","94",94
"SEV_SEP_6HR","95",95
"SEV_SEP_6HR","96",96
"SEV_SEP_6HR","96",96
"SEV_SEP_6HR",NA,NA
"SEV_SEP_6HR","100",100
"SEV_SEP_6HR","98",98
"SEV_SEP_6HR","81",81
"SEV_SEP_6HR","93",93
"SEV_SEP_6HR","95",95
"SEV_SEP_6HR","100",100
"SEV_SEP_6HR","82",82
"SEV_SEP_6HR","97",97
"SEV_SEP_6HR","99",99
"SEV_SEP_6HR","81",81
"SEV_SEP_6HR","100",100
"SEV_SEP_6HR","93",93
"SEV_SEP_6HR","92",92
"SEV_SEP_6HR","94",94
"SEV_SEP_6HR","92",92
"SEV_SEP_6HR","83",83
"SEV_SEP_6HR","95",95
"SEV_SEP_6HR","88",88
"SEV_SEP_6HR","93",93
"SEV_SEP_6HR","98",98
"SEV_SEP_6HR","97",97
"SEV_SEP_6HR","96",96
"SEV_SEP_6HR","98",98
"SEV_SEP_6HR","96",96
"SEV_SEP_6HR","85",85
"SEV_SEP_6HR","94",94
"SEV_SEP_6HR","96",96
"SEV_SEP_6HR","87",87
"SEV_SEP_6HR","75",75
"SEV_SEP_6HR","91",91
"SEV_SEP_6HR","99",99
"SEV_SEP_6HR",NA,NA
"SEV_SEP_6HR",NA,NA
"SEV_SEP_6HR","96",96
"SEV_SEP_6HR","94",94
"SEV_SEP_6HR","88",88
"SEV_SEP_6HR","93",93
"SEV_SEP_6HR","87",87
"SEV_SEP_6HR","81",81
"SEV_SEP_6HR","89",89
"SEV_SEP_6HR","92",92
"SEV_SEP_6HR","93",93
"SEV_SEP_6HR","95",95
"SEV_SEP_6HR","96",96
"SEV_SEP_6HR","98",98
"SEV_SEP_6HR","100",100
"SEV_SEP_6HR","96",96
"SEV_SEP_6HR","73",73
"SEV_SEP_6HR","100",100
"SEV_SEP_6HR","99",99
"SEV_SEP_6HR","100",100
"SEV_SEP_6HR","98",98
"SEV_SEP_6HR","98",98
"SEV_SEP_6HR","91",91
"SEV_SEP_6HR","99",99
"SEV_SEP_6HR","99",99
"SEV_SEP_6HR","88",88
"SEV_SEP_6HR","75",75
"SEV_SEP_6HR",NA,NA
"SEV_SEP_6HR","96",96
"SEV_SEP_6HR","96",96
"SEV_SEP_6HR","98",98
"SEV_SEP_6HR","92",92
"SEV_SEP_6HR","97",97
"SEV_SEP_6HR","98",98
"SEV_SEP_6HR","97",97
"SEV_SEP_6HR","96",96
"SEV_SEP_6HR",NA,NA
"SEV_SEP_6HR","99",99
"SEV_SEP_6HR","100",100
"SEV_SEP_6HR",NA,NA
"SEV_SEP_6HR","100",100
"SEV_SEP_6HR","95",95
"SEV_SEP_6HR",NA,NA
"SEV_SEP_6HR",NA,NA
"SEV_SEP_6HR","96",96
"SEV_SEP_6HR",NA,NA
"SEV_SEP_6HR","94",94
"SEV_SEP_6HR","86",86
"SEV_SEP_6HR","87",87
"SEV_SEP_6HR","95",95
"SEV_SEP_6HR","79",79
"SEV_SEP_6HR","96",96
"SEV_SEP_6HR","96",96
"SEV_SEP_6HR","86",86
"SEV_SEP_6HR","93",93
"SEV_SEP_6HR","96",96
"SEV_SEP_6HR","99",99
"SEV_SEP_6HR","96",96
"SEV_SEP_6HR","92",92
"SEV_SEP_6HR","98",98
"SEV_SEP_6HR","98",98
"SEV_SEP_6HR",NA,NA
"SEV_SEP_6HR","92",92
"SEV_SEP_6HR","99",99
"SEV_SEP_6HR",NA,NA
"SEV_SEP_6HR","98",98
"SEV_SEP_6HR",NA,NA
"SEV_SEP_6HR","95",95
"SEV_SEP_6HR","93",93
"SEV_SEP_6HR","96",96
"SEV_SEP_6HR","89",89
"SEV_SEP_6HR","97",97
"SEV_SEP_6HR","95",95
"SEV_SEP_6HR",NA,NA
"SEV_SEP_6HR","97",97
"SEV_SEP_6HR","62",62
"SEV_SEP_6HR",NA,NA
"SEV_SEP_6HR",NA,NA
"SEV_SEP_6HR","92",92
"SEV_SEP_6HR",NA,NA
"SEV_SEP_6HR",NA,NA
"SEV_SEP_6HR","98",98
"SEV_SEP_6HR",NA,NA
"SEV_SEP_6HR",NA,NA
"SEV_SEP_6HR",NA,NA
"SEV_SEP_6HR",NA,NA
"SEV_SEP_6HR",NA,NA
"SEV_SEP_6HR",NA,NA
"SEV_SEP_6HR",NA,NA
"SEV_SEP_6HR",NA,NA
"SEV_SEP_6HR",NA,NA
"SEV_SEP_6HR",NA,NA
"SEV_SEP_6HR",NA,NA
"SEV_SEP_6HR",NA,NA
"SEV_SEP_6HR",NA,NA
"SEV_SEP_6HR",NA,NA
"SEV_SEP_6HR",NA,NA
"SEV_SEP_6HR",NA,NA
"SEV_SEP_6HR",NA,NA
"SEV_SEP_6HR",NA,NA
"SEV_SEP_6HR","95",95
"SEV_SEP_6HR",NA,NA
"SEV_SEP_6HR","96",96
"SEV_SEP_6HR",NA,NA
"SEV_SEP_6HR","77",77
"SEV_SEP_6HR",NA,NA
"SEV_SEP_6HR",NA,NA
"SEV_SEP_6HR",NA,NA
"SEV_SEP_6HR","100",100
"SEV_SEP_6HR","95",95
"SEV_SEP_6HR",NA,NA
"SEV_SEP_6HR",NA,NA
"SEV_SEP_6HR","92",92
"SEV_SEP_6HR",NA,NA
"SEV_SEP_6HR",NA,NA
"SEV_SEP_6HR",NA,NA
"SEV_SEP_6HR",NA,NA
"SEV_SEP_6HR",NA,NA
"SEV_SEP_6HR",NA,NA
"SEV_SEP_6HR",NA,NA
"SEV_SEP_6HR",NA,NA
"SEV_SEP_6HR",NA,NA
"SEV_SEP_6HR",NA,NA
"SEV_SEP_6HR",NA,NA
"SEV_SEP_6HR",NA,NA
"SEV_SEP_6HR",NA,NA
"SEV_SEP_6HR",NA,NA
"SEV_SEP_6HR",NA,NA
"SEV_SEP_6HR",NA,NA
"SEV_SEP_6HR",NA,NA
"SEV_SEP_6HR","86",86
"SEV_SEP_6HR","95",95
"SEV_SEP_6HR","96",96
"SEV_SEP_6HR","94",94
"SEV_SEP_6HR","89",89
"SEV_SEP_6HR","97",97
"SEV_SEP_6HR","91",91
"SEV_SEP_6HR","91",91
"SEV_SEP_6HR","89",89
"SEV_SEP_6HR","89",89
"SEV_SEP_6HR","99",99
"SEV_SEP_6HR","97",97
"SEV_SEP_6HR","98",98
"SEV_SEP_6HR","92",92
"SEV_SEP_6HR","93",93
"SEV_SEP_6HR","99",99
"SEV_SEP_6HR","93",93
"SEV_SEP_6HR","95",95
"SEV_SEP_6HR","92",92
"SEV_SEP_6HR","93",93
"SEV_SEP_6HR","97",97
"SEV_SEP_6HR","97",97
"SEV_SEP_6HR",NA,NA
"SEV_SEP_6HR","100",100
"SEV_SEP_6HR","100",100
"SEV_SEP_6HR","93",93
"SEV_SEP_6HR","97",97
"SEV_SEP_6HR","94",94
"SEV_SEP_6HR","95",95
"SEV_SEP_6HR","98",98
"SEV_SEP_6HR","97",97
"SEV_SEP_6HR","96",96
"SEV_SEP_6HR","98",98
"SEV_SEP_6HR","96",96
"SEV_SEP_6HR","99",99
"SEV_SEP_6HR",NA,NA
"SEV_SEP_6HR","100",100
"SEV_SEP_6HR","99",99
"SEV_SEP_6HR","97",97
"SEV_SEP_6HR","95",95
"SEV_SEP_6HR",NA,NA
"SEV_SEP_6HR","100",100
"SEV_SEP_6HR","96",96
"SEV_SEP_6HR",NA,NA
"SEV_SEP_6HR","98",98
"SEV_SEP_6HR","100",100
"SEV_SEP_6HR","98",98
"SEV_SEP_6HR",NA,NA
"SEV_SEP_6HR",NA,NA
"SEV_SEP_6HR","99",99
"SEV_SEP_6HR","100",100
"SEV_SEP_6HR",NA,NA
"SEV_SEP_6HR",NA,NA
"SEV_SEP_6HR",NA,NA
"SEV_SEP_6HR",NA,NA
"SEV_SEP_6HR",NA,NA
"SEV_SEP_6HR",NA,NA
"SEV_SEP_6HR",NA,NA
"SEV_SEP_6HR",NA,NA
"SEV_SEP_6HR",NA,NA
"SEV_SEP_6HR",NA,NA
"SEV_SEP_6HR",NA,NA
"SEV_SEP_6HR",NA,NA
"SEV_SEP_6HR",NA,NA
"SEV_SEP_6HR",NA,NA
"SEV_SEP_6HR",NA,NA
"SEV_SEP_6HR",NA,NA
"SEV_SEP_6HR",NA,NA
"SEV_SEP_6HR",NA,NA
"SEV_SEP_6HR","100",100
"SEV_SEP_6HR",NA,NA
"SEV_SEP_6HR",NA,NA
"SEV_SEP_6HR",NA,NA
"SEV_SEP_6HR","100",100
"SEV_SEP_6HR",NA,NA
"SEV_SEP_6HR",NA,NA
"SEV_SEP_6HR",NA,NA
"SEV_SEP_6HR",NA,NA
"SEV_SEP_6HR",NA,NA
"SEV_SEP_6HR","86",86
"SEV_SEP_6HR",NA,NA
"SEV_SEP_6HR",NA,NA
"SEV_SEP_6HR",NA,NA
"SEV_SEP_6HR","88",88
"SEV_SEP_6HR",NA,NA
"SEV_SEP_6HR",NA,NA
"SEV_SEP_6HR","90",90
"SEV_SEP_6HR","95",95
"SEV_SEP_6HR","98",98
"SEV_SEP_6HR","86",86
"SEV_SEP_6HR","93",93
"SEV_SEP_6HR","94",94
"SEV_SEP_6HR","94",94
"SEV_SEP_6HR","95",95
"SEV_SEP_6HR","89",89
"SEV_SEP_6HR",NA,NA
"SEV_SEP_6HR","88",88
"SEV_SEP_6HR","95",95
"SEV_SEP_6HR","92",92
"SEV_SEP_6HR","96",96
"SEV_SEP_6HR","90",90
"SEV_SEP_6HR","94",94
"SEV_SEP_6HR","85",85
"SEV_SEP_6HR","96",96
"SEV_SEP_6HR","94",94
"SEV_SEP_6HR","96",96
"SEV_SEP_6HR","85",85
"SEV_SEP_6HR","87",87
"SEV_SEP_6HR","82",82
"SEV_SEP_6HR","91",91
"SEV_SEP_6HR","84",84
"SEV_SEP_6HR","92",92
"SEV_SEP_6HR",NA,NA
"SEV_SEP_6HR",NA,NA
"SEV_SEP_6HR","88",88
"SEV_SEP_6HR","86",86
"SEV_SEP_6HR","71",71
"SEV_SEP_6HR","99",99
"SEV_SEP_6HR","78",78
"SEV_SEP_6HR","86",86
"SEV_SEP_6HR",NA,NA
"SEV_SEP_6HR","92",92
"SEV_SEP_6HR","81",81
"SEV_SEP_6HR","83",83
"SEV_SEP_6HR","98",98
"SEV_SEP_6HR","62",62
"SEV_SEP_6HR","85",85
"SEV_SEP_6HR",NA,NA
"SEV_SEP_6HR","90",90
"SEV_SEP_6HR","90",90
"SEV_SEP_6HR","96",96
"SEV_SEP_6HR","95",95
"SEV_SEP_6HR","99",99
"SEV_SEP_6HR","89",89
"SEV_SEP_6HR","99",99
"SEV_SEP_6HR","81",81
"SEV_SEP_6HR","91",91
"SEV_SEP_6HR","93",93
"SEV_SEP_6HR","92",92
"SEV_SEP_6HR","95",95
"SEV_SEP_6HR","86",86
"SEV_SEP_6HR","77",77
"SEV_SEP_6HR","82",82
"SEV_SEP_6HR","80",80
"SEV_SEP_6HR","91",91
"SEV_SEP_6HR","94",94
"SEV_SEP_6HR","85",85
"SEV_SEP_6HR","100",100
"SEV_SEP_6HR","90",90
"SEV_SEP_6HR","92",92
"SEV_SEP_6HR","85",85
"SEV_SEP_6HR","100",100
"SEV_SEP_6HR","77",77
"SEV_SEP_6HR","99",99
"SEV_SEP_6HR","95",95
"SEV_SEP_6HR","86",86
"SEV_SEP_6HR","100",100
"SEV_SEP_6HR","98",98
"SEV_SEP_6HR","95",95
"SEV_SEP_6HR","93",93
"SEV_SEP_6HR","96",96
"SEV_SEP_6HR","97",97
"SEV_SEP_6HR","99",99
"SEV_SEP_6HR","98",98
"SEV_SEP_6HR","97",97
"SEV_SEP_6HR","99",99
"SEV_SEP_6HR","99",99
"SEV_SEP_6HR","97",97
"SEV_SEP_6HR","99",99
"SEV_SEP_6HR","96",96
"SEV_SEP_6HR","99",99
"SEV_SEP_6HR","84",84
"SEV_SEP_6HR","98",98
"SEV_SEP_6HR","76",76
"SEV_SEP_6HR","98",98
"SEV_SEP_6HR","92",92
"SEV_SEP_6HR","94",94
"SEV_SEP_6HR","96",96
"SEV_SEP_6HR","85",85
"SEV_SEP_6HR","94",94
"SEV_SEP_6HR","97",97
"SEV_SEP_6HR","97",97
"SEV_SEP_6HR","99",99
"SEV_SEP_6HR","57",57
"SEV_SEP_6HR","87",87
"SEV_SEP_6HR","95",95
"SEV_SEP_6HR","95",95
"SEV_SEP_6HR","91",91
"SEV_SEP_6HR","76",76
"SEV_SEP_6HR","100",100
"SEV_SEP_6HR","96",96
"SEV_SEP_6HR","90",90
"SEV_SEP_6HR","98",98
"SEV_SEP_6HR","99",99
"SEV_SEP_6HR","99",99
"SEV_SEP_6HR","98",98
"SEV_SEP_6HR","90",90
"SEV_SEP_6HR","92",92
"SEV_SEP_6HR","91",91
"SEV_SEP_6HR","93",93
"SEV_SEP_6HR",NA,NA
"SEV_SEP_6HR","90",90
"SEV_SEP_6HR","92",92
"SEV_SEP_6HR",NA,NA
"SEV_SEP_6HR","80",80
"SEV_SEP_6HR","85",85
"SEV_SEP_6HR","98",98
"SEV_SEP_6HR","92",92
"SEV_SEP_6HR","96",96
"SEV_SEP_6HR","84",84
"SEV_SEP_6HR","84",84
"SEV_SEP_6HR","96",96
"SEV_SEP_6HR","96",96
"SEV_SEP_6HR","99",99
"SEV_SEP_6HR","98",98
"SEV_SEP_6HR","98",98
"SEV_SEP_6HR","97",97
"SEV_SEP_6HR","97",97
"SEV_SEP_6HR","100",100
"SEV_SEP_6HR","96",96
"SEV_SEP_6HR","100",100
"SEV_SEP_6HR","100",100
"SEV_SEP_6HR","90",90
"SEV_SEP_6HR","88",88
"SEV_SEP_6HR","98",98
"SEV_SEP_6HR","97",97
"SEV_SEP_6HR","95",95
"SEV_SEP_6HR","87",87
"SEV_SEP_6HR","97",97
"SEV_SEP_6HR","97",97
"SEV_SEP_6HR","98",98
"SEV_SEP_6HR","81",81
"SEV_SEP_6HR","94",94
"SEV_SEP_6HR","95",95
"SEV_SEP_6HR",NA,NA
"SEV_SEP_6HR","93",93
"SEV_SEP_6HR","91",91
"SEV_SEP_6HR","94",94
"SEV_SEP_6HR","92",92
"SEV_SEP_6HR","96",96
"SEV_SEP_6HR","97",97
"SEV_SEP_6HR","96",96
"SEV_SEP_6HR","91",91
"SEV_SEP_6HR","99",99
"SEV_SEP_6HR","97",97
"SEV_SEP_6HR","90",90
"SEV_SEP_6HR","95",95
"SEV_SEP_6HR","90",90
"SEV_SEP_6HR","95",95
"SEV_SEP_6HR","97",97
"SEV_SEP_6HR","97",97
"SEV_SEP_6HR","100",100
"SEV_SEP_6HR","95",95
"SEV_SEP_6HR","92",92
"SEV_SEP_6HR","94",94
"SEV_SEP_6HR","86",86
"SEV_SEP_6HR","100",100
"SEV_SEP_6HR","97",97
"SEV_SEP_6HR","100",100
"SEV_SEP_6HR","99",99
"SEV_SEP_6HR","100",100
"SEV_SEP_6HR","93",93
"SEV_SEP_6HR","91",91
"SEV_SEP_6HR","100",100
"SEV_SEP_6HR","93",93
"SEV_SEP_6HR","97",97
"SEV_SEP_6HR",NA,NA
"SEV_SEP_6HR","95",95
"SEV_SEP_6HR","100",100
"SEV_SEP_6HR","96",96
"SEV_SEP_6HR","68",68
"SEV_SEP_6HR","88",88
"SEV_SEP_6HR","80",80
"SEV_SEP_6HR","86",86
"SEV_SEP_6HR","97",97
"SEV_SEP_6HR","100",100
"SEV_SEP_6HR","100",100
"SEV_SEP_6HR","99",99
"SEV_SEP_6HR",NA,NA
"SEV_SEP_6HR","100",100
"SEV_SEP_6HR","95",95
"SEV_SEP_6HR","100",100
"SEV_SEP_6HR",NA,NA
"SEV_SEP_6HR","98",98
"SEV_SEP_6HR","92",92
"SEV_SEP_6HR","96",96
"SEV_SEP_6HR","100",100
"SEV_SEP_6HR","99",99
"SEV_SEP_6HR","81",81
"SEV_SEP_6HR","93",93
"SEV_SEP_6HR","62",62
"SEV_SEP_6HR","86",86
"SEV_SEP_6HR","99",99
"SEV_SEP_6HR","97",97
"SEV_SEP_6HR","100",100
"SEV_SEP_6HR","94",94
"SEV_SEP_6HR","99",99
"SEV_SEP_6HR",NA,NA
"SEV_SEP_6HR",NA,NA
"SEV_SEP_6HR",NA,NA
"SEV_SEP_6HR",NA,NA
"SEV_SEP_6HR",NA,NA
"SEV_SEP_6HR",NA,NA
"SEV_SEP_6HR",NA,NA
"SEV_SEP_6HR",NA,NA
"SEV_SEP_6HR",NA,NA
"SEV_SEP_6HR",NA,NA
"SEV_SEP_6HR",NA,NA
"SEV_SEP_6HR",NA,NA
"SEV_SEP_6HR",NA,NA
"SEV_SEP_6HR",NA,NA
"SEV_SEP_6HR",NA,NA
"SEV_SEP_6HR",NA,NA
"SEV_SEP_6HR",NA,NA
"SEV_SEP_6HR","94",94
"SEV_SEP_6HR","97",97
"SEV_SEP_6HR","94",94
"SEV_SEP_6HR","94",94
"SEV_SEP_6HR","70",70
"SEV_SEP_6HR","93",93
"SEV_SEP_6HR","90",90
"SEV_SEP_6HR","71",71
"SEV_SEP_6HR","97",97
"SEV_SEP_6HR","98",98
"SEV_SEP_6HR","97",97
"SEV_SEP_6HR","79",79
"SEV_SEP_6HR","98",98
"SEV_SEP_6HR","90",90
"SEV_SEP_6HR","74",74
"SEV_SEP_6HR","92",92
"SEV_SEP_6HR","78",78
"SEV_SEP_6HR","80",80
"SEV_SEP_6HR","88",88
"SEV_SEP_6HR","98",98
"SEV_SEP_6HR","68",68
"SEV_SEP_6HR","87",87
"SEV_SEP_6HR","100",100
"SEV_SEP_6HR","84",84
"SEV_SEP_6HR","87",87
"SEV_SEP_6HR","83",83
"SEV_SEP_6HR","96",96
"SEV_SEP_6HR","94",94
"SEV_SEP_6HR","97",97
"SEV_SEP_6HR","97",97
"SEV_SEP_6HR","78",78
"SEV_SEP_6HR","100",100
"SEV_SEP_6HR","92",92
"SEV_SEP_6HR","87",87
"SEV_SEP_6HR","76",76
"SEV_SEP_6HR","93",93
"SEV_SEP_6HR",NA,NA
"SEV_SEP_6HR",NA,NA
"SEV_SEP_6HR","69",69
"SEV_SEP_6HR","74",74
"SEV_SEP_6HR","66",66
"SEV_SEP_6HR","65",65
"SEV_SEP_6HR","82",82
"SEV_SEP_6HR","64",64
"SEV_SEP_6HR","76",76
"SEV_SEP_6HR",NA,NA
"SEV_SEP_6HR","76",76
"SEV_SEP_6HR","92",92
"SEV_SEP_6HR","76",76
"SEV_SEP_6HR",NA,NA
"SEV_SEP_6HR","80",80
"SEV_SEP_6HR",NA,NA
"SEV_SEP_6HR",NA,NA
"SEV_SEP_6HR","85",85
"SEV_SEP_6HR","97",97
"SEV_SEP_6HR","86",86
"SEV_SEP_6HR","96",96
"SEV_SEP_6HR",NA,NA
"SEV_SEP_6HR",NA,NA
"SEV_SEP_6HR",NA,NA
"SEV_SEP_6HR","90",90
"SEV_SEP_6HR",NA,NA
"SEV_SEP_6HR","93",93
"SEV_SEP_6HR","98",98
"SEV_SEP_6HR","82",82
"SEV_SEP_6HR","96",96
"SEV_SEP_6HR","71",71
"SEV_SEP_6HR","95",95
"SEV_SEP_6HR","73",73
"SEV_SEP_6HR","89",89
"SEV_SEP_6HR","93",93
"SEV_SEP_6HR","92",92
"SEV_SEP_6HR","71",71
"SEV_SEP_6HR","98",98
"SEV_SEP_6HR","98",98
"SEV_SEP_6HR","94",94
"SEV_SEP_6HR","100",100
"SEV_SEP_6HR",NA,NA
"SEV_SEP_6HR","73",73
"SEV_SEP_6HR","67",67
"SEV_SEP_6HR",NA,NA
"SEV_SEP_6HR","99",99
"SEV_SEP_6HR","80",80
"SEV_SEP_6HR","79",79
"SEV_SEP_6HR",NA,NA
"SEV_SEP_6HR","77",77
"SEV_SEP_6HR","89",89
"SEV_SEP_6HR","55",55
"SEV_SEP_6HR","90",90
"SEV_SEP_6HR","85",85
"SEV_SEP_6HR","93",93
"SEV_SEP_6HR",NA,NA
"SEV_SEP_6HR","79",79
"SEV_SEP_6HR",NA,NA
"SEV_SEP_6HR","95",95
"SEV_SEP_6HR",NA,NA
"SEV_SEP_6HR",NA,NA
"SEV_SEP_6HR",NA,NA
"SEV_SEP_6HR",NA,NA
"SEV_SEP_6HR",NA,NA
"SEV_SEP_6HR",NA,NA
"SEV_SEP_6HR",NA,NA
"SEV_SEP_6HR",NA,NA
"SEV_SEP_6HR",NA,NA
"SEV_SEP_6HR","74",74
"SEV_SEP_6HR",NA,NA
"SEV_SEP_6HR",NA,NA
"SEV_SEP_6HR",NA,NA
"SEV_SEP_6HR",NA,NA
"SEV_SEP_6HR",NA,NA
"SEV_SEP_6HR",NA,NA
"SEV_SEP_6HR",NA,NA
"SEV_SEP_6HR",NA,NA
"SEV_SEP_6HR",NA,NA
"SEV_SEP_6HR",NA,NA
"SEV_SEP_6HR",NA,NA
"SEV_SEP_6HR",NA,NA
"SEV_SEP_6HR",NA,NA
"SEV_SEP_6HR",NA,NA
"SEV_SEP_6HR","76",76
"SEV_SEP_6HR",NA,NA
"SEV_SEP_6HR",NA,NA
"SEV_SEP_6HR",NA,NA
"SEV_SEP_6HR","100",100
"SEV_SEP_6HR",NA,NA
"SEV_SEP_6HR",NA,NA
"SEV_SEP_6HR",NA,NA
"SEV_SEP_6HR",NA,NA
"SEV_SEP_6HR",NA,NA
"SEV_SEP_6HR",NA,NA
"SEV_SEP_6HR","77",77
"SEV_SEP_6HR","97",97
"SEV_SEP_6HR","91",91
"SEV_SEP_6HR","97",97
"SEV_SEP_6HR","99",99
"SEV_SEP_6HR","98",98
"SEV_SEP_6HR","94",94
"SEV_SEP_6HR","85",85
"SEV_SEP_6HR",NA,NA
"SEV_SEP_6HR","94",94
"SEV_SEP_6HR","95",95
"SEV_SEP_6HR","72",72
"SEV_SEP_6HR","54",54
"SEV_SEP_6HR",NA,NA
"SEV_SEP_6HR",NA,NA
"SEV_SEP_6HR",NA,NA
"SEV_SEP_6HR",NA,NA
"SEV_SEP_6HR",NA,NA
"SEV_SEP_6HR",NA,NA
"SEV_SEP_6HR",NA,NA
"SEV_SEP_6HR",NA,NA
"SEV_SEP_6HR",NA,NA
"SEV_SEP_6HR",NA,NA
"SEV_SEP_6HR","94",94
"SEV_SEP_6HR","93",93
"SEV_SEP_6HR","88",88
"SEV_SEP_6HR","75",75
"SEV_SEP_6HR","84",84
"SEV_SEP_6HR","100",100
"SEV_SEP_6HR","96",96
"SEV_SEP_6HR","95",95
"SEV_SEP_6HR","97",97
"SEV_SEP_6HR","97",97
"SEV_SEP_6HR",NA,NA
"SEV_SEP_6HR",NA,NA
"SEV_SEP_6HR",NA,NA
"SEV_SEP_6HR","95",95
"SEV_SEP_6HR",NA,NA
"SEV_SEP_6HR","87",87
"SEV_SEP_6HR",NA,NA
"SEV_SEP_6HR",NA,NA
"SEV_SEP_6HR",NA,NA
"SEV_SEP_6HR",NA,NA
"SEV_SEP_6HR",NA,NA
"SEV_SEP_6HR",NA,NA
"SEV_SEP_6HR",NA,NA
"SEV_SEP_6HR",NA,NA
"SEV_SEP_6HR",NA,NA
"SEV_SEP_6HR",NA,NA
"SEV_SEP_6HR",NA,NA
"SEV_SEP_6HR",NA,NA
"SEV_SEP_6HR",NA,NA
"SEV_SEP_6HR",NA,NA
"SEV_SEP_6HR",NA,NA
"SEV_SEP_6HR",NA,NA
"SEV_SEP_6HR",NA,NA
"SEV_SEP_6HR",NA,NA
"SEV_SEP_6HR",NA,NA
"SEV_SEP_6HR",NA,NA
"SEV_SEP_6HR",NA,NA
"SEV_SEP_6HR",NA,NA
"SEV_SEP_6HR",NA,NA
"SEV_SEP_6HR","93",93
"SEV_SEP_6HR","98",98
"SEV_SEP_6HR",NA,NA
"SEV_SEP_6HR","82",82
"SEV_SEP_6HR","95",95
"SEV_SEP_6HR","88",88
"SEV_SEP_6HR","90",90
"SEV_SEP_6HR","81",81
"SEV_SEP_6HR","99",99
"SEV_SEP_6HR","93",93
"SEV_SEP_6HR","98",98
"SEV_SEP_6HR","85",85
"SEV_SEP_6HR","96",96
"SEV_SEP_6HR","96",96
"SEV_SEP_6HR","94",94
"SEV_SEP_6HR","99",99
"SEV_SEP_6HR","99",99
"SEV_SEP_6HR","85",85
"SEV_SEP_6HR","96",96
"SEV_SEP_6HR","100",100
"SEV_SEP_6HR","94",94
"SEV_SEP_6HR","89",89
"SEV_SEP_6HR","100",100
"SEV_SEP_6HR","97",97
"SEV_SEP_6HR","91",91
"SEV_SEP_6HR","100",100
"SEV_SEP_6HR","86",86
"SEV_SEP_6HR","83",83
"SEV_SEP_6HR","97",97
"SEV_SEP_6HR","93",93
"SEV_SEP_6HR","93",93
"SEV_SEP_6HR","53",53
"SEV_SEP_6HR",NA,NA
"SEV_SEP_6HR","90",90
"SEV_SEP_6HR","62",62
"SEV_SEP_6HR","68",68
"SEV_SEP_6HR","96",96
"SEV_SEP_6HR","80",80
"SEV_SEP_6HR","91",91
"SEV_SEP_6HR","75",75
"SEV_SEP_6HR","98",98
"SEV_SEP_6HR","84",84
"SEV_SEP_6HR","71",71
"SEV_SEP_6HR","95",95
"SEV_SEP_6HR","89",89
"SEV_SEP_6HR","97",97
"SEV_SEP_6HR","97",97
"SEV_SEP_6HR","96",96
"SEV_SEP_6HR","94",94
"SEV_SEP_6HR","98",98
"SEV_SEP_6HR","83",83
"SEV_SEP_6HR","72",72
"SEV_SEP_6HR","91",91
"SEV_SEP_6HR","97",97
"SEV_SEP_6HR","76",76
"SEV_SEP_6HR","100",100
"SEV_SEP_6HR","95",95
"SEV_SEP_6HR","98",98
"SEV_SEP_6HR","92",92
"SEV_SEP_6HR","70",70
"SEV_SEP_6HR","85",85
"SEV_SEP_6HR","100",100
"SEV_SEP_6HR","92",92
"SEV_SEP_6HR","90",90
"SEV_SEP_6HR","91",91
"SEV_SEP_6HR","70",70
"SEV_SEP_6HR","96",96
"SEV_SEP_6HR","100",100
"SEV_SEP_6HR","96",96
"SEV_SEP_6HR","88",88
"SEV_SEP_6HR","96",96
"SEV_SEP_6HR","90",90
"SEV_SEP_6HR","100",100
"SEV_SEP_6HR",NA,NA
"SEV_SEP_6HR","96",96
"SEV_SEP_6HR","83",83
"SEV_SEP_6HR","80",80
"SEV_SEP_6HR","98",98
"SEV_SEP_6HR","97",97
"SEV_SEP_6HR","96",96
"SEV_SEP_6HR","94",94
"SEV_SEP_6HR","97",97
"SEV_SEP_6HR","94",94
"SEV_SEP_6HR","53",53
"SEV_SEP_6HR",NA,NA
"SEV_SEP_6HR","98",98
"SEV_SEP_6HR","99",99
"SEV_SEP_6HR","83",83
"SEV_SEP_6HR","99",99
"SEV_SEP_6HR","88",88
"SEV_SEP_6HR","88",88
"SEV_SEP_6HR","96",96
"SEV_SEP_6HR","96",96
"SEV_SEP_6HR","100",100
"SEV_SEP_6HR","98",98
"SEV_SEP_6HR","58",58
"SEV_SEP_6HR","97",97
"SEV_SEP_6HR","97",97
"SEV_SEP_6HR","96",96
"SEV_SEP_6HR","90",90
"SEV_SEP_6HR","83",83
"SEV_SEP_6HR","51",51
"SEV_SEP_6HR","95",95
"SEV_SEP_6HR","100",100
"SEV_SEP_6HR","94",94
"SEV_SEP_6HR","82",82
"SEV_SEP_6HR","90",90
"SEV_SEP_6HR","86",86
"SEV_SEP_6HR","96",96
"SEV_SEP_6HR","97",97
"SEV_SEP_6HR","98",98
"SEV_SEP_6HR","100",100
"SEV_SEP_6HR","91",91
"SEV_SEP_6HR","100",100
"SEV_SEP_6HR","100",100
"SEV_SEP_6HR","33",33
"SEV_SEP_6HR","95",95
"SEV_SEP_6HR",NA,NA
"SEV_SEP_6HR",NA,NA
"SEV_SEP_6HR",NA,NA
"SEV_SEP_6HR","100",100
"SEV_SEP_6HR",NA,NA
"SEV_SEP_6HR",NA,NA
"SEV_SEP_6HR",NA,NA
"SEV_SEP_6HR",NA,NA
"SEV_SEP_6HR",NA,NA
"SEV_SEP_6HR",NA,NA
"SEV_SEP_6HR",NA,NA
"SEV_SEP_6HR",NA,NA
"SEV_SEP_6HR",NA,NA
"SEV_SEP_6HR","91",91
"SEV_SEP_6HR",NA,NA
"SEV_SEP_6HR",NA,NA
"SEV_SEP_6HR",NA,NA
"SEV_SEP_6HR",NA,NA
"SEV_SEP_6HR",NA,NA
"SEV_SEP_6HR","93",93
"SEV_SEP_6HR",NA,NA
"SEV_SEP_6HR","100",100
"SEV_SEP_6HR",NA,NA
"SEV_SEP_6HR",NA,NA
"SEV_SEP_6HR",NA,NA
"SEV_SEP_6HR",NA,NA
"SEV_SEP_6HR","100",100
"SEV_SEP_6HR",NA,NA
"SEV_SEP_6HR",NA,NA
"SEV_SEP_6HR",NA,NA
"SEV_SEP_6HR",NA,NA
"SEV_SEP_6HR",NA,NA
"SEV_SEP_6HR",NA,NA
"SEV_SEP_6HR",NA,NA
"SEV_SEP_6HR",NA,NA
"SEV_SEP_6HR","80",80
"SEV_SEP_6HR",NA,NA
"SEV_SEP_6HR","98",98
"SEV_SEP_6HR","96",96
"SEV_SEP_6HR",NA,NA
"SEV_SEP_6HR",NA,NA
"SEV_SEP_6HR","96",96
"SEV_SEP_6HR",NA,NA
"SEV_SEP_6HR",NA,NA
"SEV_SEP_6HR","100",100
"SEV_SEP_6HR",NA,NA
"SEV_SEP_6HR",NA,NA
"SEV_SEP_6HR",NA,NA
"SEV_SEP_6HR",NA,NA
"SEV_SEP_6HR","100",100
"SEV_SEP_6HR",NA,NA
"SEV_SEP_6HR","100",100
"SEV_SEP_6HR",NA,NA
"SEV_SEP_6HR",NA,NA
"SEV_SEP_6HR",NA,NA
"SEV_SEP_6HR",NA,NA
"SEV_SEP_6HR","100",100
"SEV_SEP_6HR",NA,NA
"SEV_SEP_6HR",NA,NA
"SEV_SEP_6HR",NA,NA
"SEV_SEP_6HR","99",99
"SEV_SEP_6HR","82",82
"SEV_SEP_6HR","98",98
"SEV_SEP_6HR","93",93
"SEV_SEP_6HR","78",78
"SEV_SEP_6HR","95",95
"SEV_SEP_6HR","93",93
"SEV_SEP_6HR","82",82
"SEV_SEP_6HR","96",96
"SEV_SEP_6HR","94",94
"SEV_SEP_6HR","89",89
"SEV_SEP_6HR","80",80
"SEV_SEP_6HR","95",95
"SEV_SEP_6HR","100",100
"SEV_SEP_6HR","88",88
"SEV_SEP_6HR","95",95
"SEV_SEP_6HR","99",99
"SEV_SEP_6HR","94",94
"SEV_SEP_6HR","95",95
"SEV_SEP_6HR","97",97
"SEV_SEP_6HR","88",88
"SEV_SEP_6HR","98",98
"SEV_SEP_6HR","90",90
"SEV_SEP_6HR","92",92
"SEV_SEP_6HR","97",97
"SEV_SEP_6HR","95",95
"SEV_SEP_6HR","97",97
"SEV_SEP_6HR","86",86
"SEV_SEP_6HR","88",88
"SEV_SEP_6HR","85",85
"SEV_SEP_6HR","85",85
"SEV_SEP_6HR","83",83
"SEV_SEP_6HR","91",91
"SEV_SEP_6HR","90",90
"SEV_SEP_6HR","94",94
"SEV_SEP_6HR","96",96
"SEV_SEP_6HR","91",91
"SEV_SEP_6HR","66",66
"SEV_SEP_6HR","93",93
"SEV_SEP_6HR","95",95
"SEV_SEP_6HR","95",95
"SEV_SEP_6HR","94",94
"SEV_SEP_6HR","95",95
"SEV_SEP_6HR","100",100
"SEV_SEP_6HR","86",86
"SEV_SEP_6HR","90",90
"SEV_SEP_6HR","100",100
"SEV_SEP_6HR","98",98
"SEV_SEP_6HR","97",97
"SEV_SEP_6HR","99",99
"SEV_SEP_6HR",NA,NA
"SEV_SEP_6HR","97",97
"SEV_SEP_6HR","87",87
"SEV_SEP_6HR","99",99
"SEV_SEP_6HR","97",97
"SEV_SEP_6HR","94",94
"SEV_SEP_6HR","90",90
"SEV_SEP_6HR","90",90
"SEV_SEP_6HR","64",64
"SEV_SEP_6HR","93",93
"SEV_SEP_6HR","97",97
"SEV_SEP_6HR",NA,NA
"SEV_SEP_6HR","92",92
"SEV_SEP_6HR",NA,NA
"SEV_SEP_6HR","83",83
"SEV_SEP_6HR","87",87
"SEV_SEP_6HR",NA,NA
"SEV_SEP_6HR","88",88
"SEV_SEP_6HR","86",86
"SEV_SEP_6HR","89",89
"SEV_SEP_6HR",NA,NA
"SEV_SEP_6HR",NA,NA
"SEV_SEP_6HR",NA,NA
"SEV_SEP_6HR","69",69
"SEV_SEP_6HR",NA,NA
"SEV_SEP_6HR","90",90
"SEV_SEP_6HR",NA,NA
"SEV_SEP_6HR",NA,NA
"SEV_SEP_6HR",NA,NA
"SEV_SEP_6HR","100",100
"SEV_SEP_6HR",NA,NA
"SEV_SEP_6HR",NA,NA
"SEV_SEP_6HR",NA,NA
"SEV_SEP_6HR",NA,NA
"SEV_SEP_6HR",NA,NA
"SEV_SEP_6HR","92",92
"SEV_SEP_6HR","96",96
"SEV_SEP_6HR","77",77
"SEV_SEP_6HR",NA,NA
"SEV_SEP_6HR",NA,NA
"SEV_SEP_6HR",NA,NA
"SEV_SEP_6HR","98",98
"SEV_SEP_6HR","100",100
"SEV_SEP_6HR","90",90
"SEV_SEP_6HR",NA,NA
"SEV_SEP_6HR",NA,NA
"SEV_SEP_6HR","98",98
"SEV_SEP_6HR","92",92
"SEV_SEP_6HR","91",91
"SEV_SEP_6HR","92",92
"SEV_SEP_6HR",NA,NA
"SEV_SEP_6HR","83",83
"SEV_SEP_6HR","38",38
"SEV_SEP_6HR","100",100
"SEV_SEP_6HR",NA,NA
"SEV_SEP_6HR",NA,NA
"SEV_SEP_6HR","100",100
"SEV_SEP_6HR","79",79
"SEV_SEP_6HR","79",79
"SEV_SEP_6HR","93",93
"SEV_SEP_6HR","100",100
"SEV_SEP_6HR","94",94
"SEV_SEP_6HR","100",100
"SEV_SEP_6HR",NA,NA
"SEV_SEP_6HR",NA,NA
"SEV_SEP_6HR","94",94
"SEV_SEP_6HR","100",100
"SEV_SEP_6HR","83",83
"SEV_SEP_6HR","93",93
"SEV_SEP_6HR","93",93
"SEV_SEP_6HR","95",95
"SEV_SEP_6HR","89",89
"SEV_SEP_6HR","93",93
"SEV_SEP_6HR",NA,NA
"SEV_SEP_6HR","89",89
"SEV_SEP_6HR","97",97
"SEV_SEP_6HR","97",97
"SEV_SEP_6HR","94",94
"SEV_SEP_6HR","92",92
"SEV_SEP_6HR","82",82
"SEV_SEP_6HR","94",94
"SEV_SEP_6HR","88",88
"SEV_SEP_6HR","96",96
"SEV_SEP_6HR","91",91
"SEV_SEP_6HR","90",90
"SEV_SEP_6HR","100",100
"SEV_SEP_6HR","98",98
"SEV_SEP_6HR","89",89
"SEV_SEP_6HR","92",92
"SEV_SEP_6HR","97",97
"SEV_SEP_6HR","92",92
"SEV_SEP_6HR","100",100
"SEV_SEP_6HR","92",92
"SEV_SEP_6HR","100",100
"SEV_SEP_6HR","91",91
"SEV_SEP_6HR",NA,NA
"SEV_SEP_6HR",NA,NA
"SEV_SEP_6HR",NA,NA
"SEV_SEP_6HR",NA,NA
"SEV_SEP_6HR",NA,NA
"SEV_SEP_6HR",NA,NA
"SEV_SEP_6HR","91",91
"SEV_SEP_6HR",NA,NA
"SEV_SEP_6HR",NA,NA
"SEV_SEP_6HR","100",100
"SEV_SEP_6HR",NA,NA
"SEV_SEP_6HR",NA,NA
"SEV_SEP_6HR","100",100
"SEV_SEP_6HR",NA,NA
"SEV_SEP_6HR",NA,NA
"SEV_SEP_6HR",NA,NA
"SEV_SEP_6HR",NA,NA
"SEV_SEP_6HR",NA,NA
"SEV_SEP_6HR",NA,NA
"SEV_SEP_6HR",NA,NA
"SEV_SEP_6HR",NA,NA
"SEV_SEP_6HR",NA,NA
"SEV_SEP_6HR",NA,NA
"SEV_SEP_6HR",NA,NA
"SEV_SEP_6HR",NA,NA
"SEV_SEP_6HR",NA,NA
"SEV_SEP_6HR",NA,NA
"SEV_SEP_6HR",NA,NA
"SEV_SEP_6HR",NA,NA
"SEV_SEP_6HR",NA,NA
"SEV_SEP_6HR",NA,NA
"SEV_SEP_6HR",NA,NA
"SEV_SEP_6HR",NA,NA
"SEV_SEP_6HR",NA,NA
"SEV_SEP_6HR",NA,NA
"SEV_SEP_6HR",NA,NA
"SEV_SEP_6HR",NA,NA
"SEV_SEP_6HR",NA,NA
"SEV_SEP_6HR",NA,NA
"SEV_SEP_6HR",NA,NA
"SEV_SEP_6HR",NA,NA
"SEV_SEP_6HR",NA,NA
"SEV_SEP_6HR",NA,NA
"SEV_SEP_6HR",NA,NA
"SEV_SEP_6HR",NA,NA
"SEV_SEP_6HR",NA,NA
"SEV_SEP_6HR",NA,NA
"SEV_SEP_6HR",NA,NA
"SEV_SEP_6HR",NA,NA
"SEV_SEP_6HR",NA,NA
"SEV_SEP_6HR",NA,NA
"SEV_SEP_6HR",NA,NA
"SEV_SEP_6HR","67",67
"SEV_SEP_6HR",NA,NA
"SEV_SEP_6HR",NA,NA
"SEV_SEP_6HR",NA,NA
"SEV_SEP_6HR",NA,NA
"SEV_SEP_6HR",NA,NA
"SEV_SEP_6HR",NA,NA
"SEV_SEP_6HR",NA,NA
"SEV_SEP_6HR",NA,NA
"SEV_SEP_6HR",NA,NA
"SEV_SEP_6HR",NA,NA
"SEV_SEP_6HR",NA,NA
"SEV_SEP_6HR","100",100
"SEV_SEP_6HR","82",82
"SEV_SEP_6HR",NA,NA
"SEV_SEP_6HR","100",100
"SEV_SEP_6HR",NA,NA
"SEV_SEP_6HR",NA,NA
"SEV_SEP_6HR",NA,NA
"SEV_SEP_6HR",NA,NA
"SEV_SEP_6HR","100",100
"SEV_SEP_6HR",NA,NA
"SEV_SEP_6HR",NA,NA
"SEV_SEP_6HR",NA,NA
"SEV_SEP_6HR","97",97
"SEV_SEP_6HR",NA,NA
"SEV_SEP_6HR",NA,NA
"SEV_SEP_6HR",NA,NA
"SEV_SEP_6HR",NA,NA
"SEV_SEP_6HR",NA,NA
"SEV_SEP_6HR","95",95
"SEV_SEP_6HR","100",100
"SEV_SEP_6HR","95",95
"SEV_SEP_6HR","93",93
"SEV_SEP_6HR","83",83
"SEV_SEP_6HR","100",100
"SEV_SEP_6HR","95",95
"SEV_SEP_6HR","92",92
"SEV_SEP_6HR","92",92
"SEV_SEP_6HR","92",92
"SEV_SEP_6HR","73",73
"SEV_SEP_6HR",NA,NA
"SEV_SEP_6HR","95",95
"SEV_SEP_6HR","89",89
"SEV_SEP_6HR","90",90
"SEV_SEP_6HR","100",100
"SEV_SEP_6HR","99",99
"SEV_SEP_6HR","96",96
"SEV_SEP_6HR","98",98
"SEV_SEP_6HR","100",100
"SEV_SEP_6HR","100",100
"SEV_SEP_6HR","89",89
"SEV_SEP_6HR","49",49
"SEV_SEP_6HR","90",90
"SEV_SEP_6HR","89",89
"SEV_SEP_6HR","96",96
"SEV_SEP_6HR","77",77
"SEV_SEP_6HR","78",78
"SEV_SEP_6HR","93",93
"SEV_SEP_6HR","92",92
"SEV_SEP_6HR",NA,NA
"SEV_SEP_6HR","100",100
"SEV_SEP_6HR",NA,NA
"SEV_SEP_6HR",NA,NA
"SEV_SEP_6HR",NA,NA
"SEV_SEP_6HR",NA,NA
"SEV_SEP_6HR","96",96
"SEV_SEP_6HR",NA,NA
"SEV_SEP_6HR",NA,NA
"SEV_SEP_6HR","90",90
"SEV_SEP_6HR",NA,NA
"SEV_SEP_6HR",NA,NA
"SEV_SEP_6HR","59",59
"SEV_SEP_6HR",NA,NA
"SEV_SEP_6HR","100",100
"SEV_SEP_6HR","94",94
"SEV_SEP_6HR",NA,NA
"SEV_SEP_6HR",NA,NA
"SEV_SEP_6HR",NA,NA
"SEV_SEP_6HR",NA,NA
"SEV_SEP_6HR",NA,NA
"SEV_SEP_6HR",NA,NA
"SEV_SEP_6HR",NA,NA
"SEV_SEP_6HR",NA,NA
"SEV_SEP_6HR",NA,NA
"SEV_SEP_6HR",NA,NA
"SEV_SEP_6HR",NA,NA
"SEV_SEP_6HR",NA,NA
"SEV_SEP_6HR",NA,NA
"SEV_SEP_6HR","90",90
"SEV_SEP_6HR",NA,NA
"SEV_SEP_6HR",NA,NA
"SEV_SEP_6HR",NA,NA
"SEV_SEP_6HR",NA,NA
"SEV_SEP_6HR",NA,NA
"SEV_SEP_6HR",NA,NA
"SEV_SEP_6HR",NA,NA
"SEV_SEP_6HR",NA,NA
"SEV_SEP_6HR",NA,NA
"SEV_SEP_6HR",NA,NA
"SEV_SEP_6HR",NA,NA
"SEV_SEP_6HR",NA,NA
"SEV_SEP_6HR",NA,NA
"SEV_SEP_6HR",NA,NA
"SEV_SEP_6HR",NA,NA
"SEV_SEP_6HR",NA,NA
"SEV_SEP_6HR",NA,NA
"SEV_SEP_6HR","85",85
"SEV_SEP_6HR",NA,NA
"SEV_SEP_6HR",NA,NA
"SEV_SEP_6HR",NA,NA
"SEV_SEP_6HR",NA,NA
"SEV_SEP_6HR",NA,NA
"SEV_SEP_6HR",NA,NA
"SEV_SEP_6HR",NA,NA
"SEV_SEP_6HR","91",91
"SEV_SEP_6HR",NA,NA
"SEV_SEP_6HR",NA,NA
"SEV_SEP_6HR",NA,NA
"SEV_SEP_6HR",NA,NA
"SEV_SEP_6HR",NA,NA
"SEV_SEP_6HR",NA,NA
"SEV_SEP_6HR",NA,NA
"SEV_SEP_6HR",NA,NA
"SEV_SEP_6HR",NA,NA
"SEV_SEP_6HR","100",100
"SEV_SEP_6HR",NA,NA
"SEV_SEP_6HR",NA,NA
"SEV_SEP_6HR",NA,NA
"SEV_SEP_6HR",NA,NA
"SEV_SEP_6HR",NA,NA
"SEV_SEP_6HR",NA,NA
"SEV_SEP_6HR","80",80
"SEV_SEP_6HR",NA,NA
"SEV_SEP_6HR",NA,NA
"SEV_SEP_6HR",NA,NA
"SEV_SEP_6HR",NA,NA
"SEV_SEP_6HR",NA,NA
"SEV_SEP_6HR",NA,NA
"SEV_SEP_6HR",NA,NA
"SEV_SEP_6HR",NA,NA
"SEV_SEP_6HR",NA,NA
"SEV_SEP_6HR",NA,NA
"SEV_SEP_6HR","100",100
"SEV_SEP_6HR",NA,NA
"SEV_SEP_6HR","78",78
"SEV_SEP_6HR",NA,NA
"SEV_SEP_6HR",NA,NA
"SEV_SEP_6HR",NA,NA
"SEV_SEP_6HR",NA,NA
"SEV_SEP_6HR","83",83
"SEV_SEP_6HR",NA,NA
"SEV_SEP_6HR",NA,NA
"SEV_SEP_6HR","91",91
"SEV_SEP_6HR","98",98
"SEV_SEP_6HR",NA,NA
"SEV_SEP_6HR",NA,NA
"SEV_SEP_6HR",NA,NA
"SEV_SEP_6HR",NA,NA
"SEV_SEP_6HR","98",98
"SEV_SEP_6HR","97",97
"SEV_SEP_6HR","98",98
"SEV_SEP_6HR","86",86
"SEV_SEP_6HR","90",90
"SEV_SEP_6HR","88",88
"SEV_SEP_6HR","96",96
"SEV_SEP_6HR","97",97
"SEV_SEP_6HR","92",92
"SEV_SEP_6HR","98",98
"SEV_SEP_6HR","96",96
"SEV_SEP_6HR","99",99
"SEV_SEP_6HR","92",92
"SEV_SEP_6HR","82",82
"SEV_SEP_6HR","96",96
"SEV_SEP_6HR","92",92
"SEV_SEP_6HR","96",96
"SEV_SEP_6HR","96",96
"SEV_SEP_6HR","99",99
"SEV_SEP_6HR","98",98
"SEV_SEP_6HR",NA,NA
"SEV_SEP_6HR","90",90
"SEV_SEP_6HR","98",98
"SEV_SEP_6HR","93",93
"SEV_SEP_6HR","99",99
"SEV_SEP_6HR","94",94
"SEV_SEP_6HR","99",99
"SEV_SEP_6HR","96",96
"SEV_SEP_6HR","97",97
"SEV_SEP_6HR","87",87
"SEV_SEP_6HR","92",92
"SEV_SEP_6HR","92",92
"SEV_SEP_6HR","93",93
"SEV_SEP_6HR","54",54
"SEV_SEP_6HR","99",99
"SEV_SEP_6HR","97",97
"SEV_SEP_6HR","99",99
"SEV_SEP_6HR","94",94
"SEV_SEP_6HR","98",98
"SEV_SEP_6HR","97",97
"SEV_SEP_6HR","93",93
"SEV_SEP_6HR","97",97
"SEV_SEP_6HR","82",82
"SEV_SEP_6HR","89",89
"SEV_SEP_6HR","93",93
"SEV_SEP_6HR","90",90
"SEV_SEP_6HR","95",95
"SEV_SEP_6HR",NA,NA
"SEV_SEP_6HR","97",97
"SEV_SEP_6HR","77",77
"SEV_SEP_6HR","99",99
"SEV_SEP_6HR","85",85
"SEV_SEP_6HR","100",100
"SEV_SEP_6HR","94",94
"SEV_SEP_6HR","87",87
"SEV_SEP_6HR","95",95
"SEV_SEP_6HR","90",90
"SEV_SEP_6HR","87",87
"SEV_SEP_6HR",NA,NA
"SEV_SEP_6HR",NA,NA
"SEV_SEP_6HR",NA,NA
"SEV_SEP_6HR",NA,NA
"SEV_SEP_6HR",NA,NA
"SEV_SEP_6HR","96",96
"SEV_SEP_6HR",NA,NA
"SEV_SEP_6HR",NA,NA
"SEV_SEP_6HR",NA,NA
"SEV_SEP_6HR",NA,NA
"SEV_SEP_6HR",NA,NA
"SEV_SEP_6HR",NA,NA
"SEV_SEP_6HR",NA,NA
"SEV_SEP_6HR",NA,NA
"SEV_SEP_6HR",NA,NA
"SEV_SEP_6HR",NA,NA
"SEV_SEP_6HR",NA,NA
"SEV_SEP_6HR",NA,NA
"SEV_SEP_6HR","95",95
"SEV_SEP_6HR",NA,NA
"SEV_SEP_6HR",NA,NA
"SEV_SEP_6HR",NA,NA
"SEV_SEP_6HR",NA,NA
"SEV_SEP_6HR",NA,NA
"SEV_SEP_6HR",NA,NA
"SEV_SEP_6HR","96",96
"SEV_SEP_6HR","86",86
"SEV_SEP_6HR",NA,NA
"SEV_SEP_6HR",NA,NA
"SEV_SEP_6HR","91",91
"SEV_SEP_6HR",NA,NA
"SEV_SEP_6HR",NA,NA
"SEV_SEP_6HR","93",93
"SEV_SEP_6HR","96",96
"SEV_SEP_6HR","94",94
"SEV_SEP_6HR","96",96
"SEV_SEP_6HR","96",96
"SEV_SEP_6HR","95",95
"SEV_SEP_6HR","82",82
"SEV_SEP_6HR","100",100
"SEV_SEP_6HR","92",92
"SEV_SEP_6HR","73",73
"SEV_SEP_6HR","96",96
"SEV_SEP_6HR","97",97
"SEV_SEP_6HR","95",95
"SEV_SEP_6HR","100",100
"SEV_SEP_6HR","88",88
"SEV_SEP_6HR","98",98
"SEV_SEP_6HR","100",100
"SEV_SEP_6HR","90",90
"SEV_SEP_6HR","96",96
"SEV_SEP_6HR","90",90
"SEV_SEP_6HR","98",98
"SEV_SEP_6HR","86",86
"SEV_SEP_6HR","83",83
"SEV_SEP_6HR","83",83
"SEV_SEP_6HR","78",78
"SEV_SEP_6HR","93",93
"SEV_SEP_6HR","94",94
"SEV_SEP_6HR","80",80
"SEV_SEP_6HR","94",94
"SEV_SEP_6HR","77",77
"SEV_SEP_6HR","93",93
"SEV_SEP_6HR","97",97
"SEV_SEP_6HR",NA,NA
"SEV_SEP_6HR","100",100
"SEV_SEP_6HR","73",73
"SEV_SEP_6HR",NA,NA
"SEV_SEP_6HR","98",98
"SEV_SEP_6HR",NA,NA
"SEV_SEP_6HR","94",94
"SEV_SEP_6HR",NA,NA
"SEV_SEP_6HR","100",100
"SEV_SEP_6HR",NA,NA
"SEV_SEP_6HR","99",99
"SEV_SEP_6HR",NA,NA
"SEV_SEP_6HR",NA,NA
"SEV_SEP_6HR","75",75
"SEV_SEP_6HR","98",98
"SEV_SEP_6HR",NA,NA
"SEV_SEP_6HR",NA,NA
"SEV_SEP_6HR","96",96
"SEV_SEP_6HR","91",91
"SEV_SEP_6HR","100",100
"SEV_SEP_6HR","92",92
"SEV_SEP_6HR","96",96
"SEV_SEP_6HR",NA,NA
"SEV_SEP_6HR",NA,NA
"SEV_SEP_6HR","100",100
"SEV_SEP_6HR","88",88
"SEV_SEP_6HR",NA,NA
"SEV_SEP_6HR",NA,NA
"SEV_SEP_6HR",NA,NA
"SEV_SEP_6HR",NA,NA
"SEV_SEP_6HR",NA,NA
"SEV_SEP_6HR",NA,NA
"SEV_SEP_6HR",NA,NA
"SEV_SEP_6HR",NA,NA
"SEV_SEP_6HR",NA,NA
"SEV_SEP_6HR",NA,NA
"SEV_SEP_6HR",NA,NA
"SEV_SEP_6HR","83",83
"SEV_SEP_6HR",NA,NA
"SEV_SEP_6HR",NA,NA
"SEV_SEP_6HR",NA,NA
"SEV_SEP_6HR",NA,NA
"SEV_SEP_6HR",NA,NA
"SEV_SEP_6HR","92",92
"SEV_SEP_6HR","93",93
"SEV_SEP_6HR","100",100
"SEV_SEP_6HR","89",89
"SEV_SEP_6HR",NA,NA
"SEV_SEP_6HR","95",95
"SEV_SEP_6HR",NA,NA
"SEV_SEP_6HR",NA,NA
"SEV_SEP_6HR",NA,NA
"SEV_SEP_6HR",NA,NA
"SEV_SEP_6HR",NA,NA
"SEV_SEP_6HR",NA,NA
"SEV_SEP_6HR","96",96
"SEV_SEP_6HR",NA,NA
"SEV_SEP_6HR",NA,NA
"SEV_SEP_6HR",NA,NA
"SEV_SEP_6HR",NA,NA
"SEV_SEP_6HR","100",100
"SEV_SEP_6HR",NA,NA
"SEV_SEP_6HR",NA,NA
"SEV_SEP_6HR",NA,NA
"SEV_SEP_6HR",NA,NA
"SEV_SEP_6HR",NA,NA
"SEV_SEP_6HR",NA,NA
"SEV_SEP_6HR",NA,NA
"SEV_SEP_6HR",NA,NA
"SEV_SEP_6HR",NA,NA
"SEV_SEP_6HR",NA,NA
"SEV_SEP_6HR",NA,NA
"SEV_SEP_6HR",NA,NA
"SEV_SEP_6HR",NA,NA
"SEV_SEP_6HR","88",88
"SEV_SEP_6HR",NA,NA
"SEV_SEP_6HR",NA,NA
"SEV_SEP_6HR",NA,NA
"SEV_SEP_6HR",NA,NA
"SEV_SEP_6HR","91",91
"SEV_SEP_6HR","95",95
"SEV_SEP_6HR","93",93
"SEV_SEP_6HR","97",97
"SEV_SEP_6HR","93",93
"SEV_SEP_6HR","92",92
"SEV_SEP_6HR","99",99
"SEV_SEP_6HR","91",91
"SEV_SEP_6HR","96",96
"SEV_SEP_6HR","100",100
"SEV_SEP_6HR","93",93
"SEV_SEP_6HR","91",91
"SEV_SEP_6HR","93",93
"SEV_SEP_6HR","100",100
"SEV_SEP_6HR","89",89
"SEV_SEP_6HR",NA,NA
"SEV_SEP_6HR",NA,NA
"SEV_SEP_6HR",NA,NA
"SEV_SEP_6HR","100",100
"SEV_SEP_6HR","100",100
"SEV_SEP_6HR",NA,NA
"SEV_SEP_6HR",NA,NA
"SEV_SEP_6HR",NA,NA
"SEV_SEP_6HR",NA,NA
"SEV_SEP_6HR",NA,NA
"SEV_SEP_6HR",NA,NA
"SEV_SEP_6HR",NA,NA
"SEV_SEP_6HR",NA,NA
"SEV_SEP_6HR",NA,NA
"SEV_SEP_6HR","97",97
"SEV_SEP_6HR",NA,NA
"SEV_SEP_6HR",NA,NA
"SEV_SEP_6HR",NA,NA
"SEV_SEP_6HR","100",100
"SEV_SEP_6HR","85",85
"SEV_SEP_6HR","67",67
"SEV_SEP_6HR","90",90
"SEV_SEP_6HR","96",96
"SEV_SEP_6HR","96",96
"SEV_SEP_6HR","98",98
"SEV_SEP_6HR","88",88
"SEV_SEP_6HR","94",94
"SEV_SEP_6HR","71",71
"SEV_SEP_6HR","97",97
"SEV_SEP_6HR","99",99
"SEV_SEP_6HR","71",71
"SEV_SEP_6HR","91",91
"SEV_SEP_6HR","66",66
"SEV_SEP_6HR","90",90
"SEV_SEP_6HR","85",85
"SEV_SEP_6HR","99",99
"SEV_SEP_6HR","80",80
"SEV_SEP_6HR","99",99
"SEV_SEP_6HR","75",75
"SEV_SEP_6HR","83",83
"SEV_SEP_6HR","96",96
"SEV_SEP_6HR","81",81
"SEV_SEP_6HR","86",86
"SEV_SEP_6HR","58",58
"SEV_SEP_6HR","92",92
"SEV_SEP_6HR","91",91
"SEV_SEP_6HR","96",96
"SEV_SEP_6HR","83",83
"SEV_SEP_6HR","90",90
"SEV_SEP_6HR","96",96
"SEV_SEP_6HR","81",81
"SEV_SEP_6HR","91",91
"SEV_SEP_6HR","82",82
"SEV_SEP_6HR","94",94
"SEV_SEP_6HR",NA,NA
"SEV_SEP_6HR","97",97
"SEV_SEP_6HR","85",85
"SEV_SEP_6HR","66",66
"SEV_SEP_6HR","83",83
"SEV_SEP_6HR",NA,NA
"SEV_SEP_6HR","97",97
"SEV_SEP_6HR",NA,NA
"SEV_SEP_6HR",NA,NA
"SEV_SEP_6HR",NA,NA
"SEV_SEP_6HR","68",68
"SEV_SEP_6HR","82",82
"SEV_SEP_6HR","91",91
"SEV_SEP_6HR","93",93
"SEV_SEP_6HR","95",95
"SEV_SEP_6HR","98",98
"SEV_SEP_6HR","90",90
"SEV_SEP_6HR","82",82
"SEV_SEP_6HR",NA,NA
"SEV_SEP_6HR","88",88
"SEV_SEP_6HR","88",88
"SEV_SEP_6HR","99",99
"SEV_SEP_6HR","97",97
"SEV_SEP_6HR","90",90
"SEV_SEP_6HR","86",86
"SEV_SEP_6HR","72",72
"SEV_SEP_6HR","87",87
"SEV_SEP_6HR","100",100
"SEV_SEP_6HR","96",96
"SEV_SEP_6HR","89",89
"SEV_SEP_6HR",NA,NA
"SEV_SEP_6HR","85",85
"SEV_SEP_6HR",NA,NA
"SEV_SEP_6HR","95",95
"SEV_SEP_6HR","92",92
"SEV_SEP_6HR","83",83
"SEV_SEP_6HR","89",89
"SEV_SEP_6HR","93",93
"SEV_SEP_6HR","90",90
"SEV_SEP_6HR","95",95
"SEV_SEP_6HR",NA,NA
"SEV_SEP_6HR","85",85
"SEV_SEP_6HR","85",85
"SEV_SEP_6HR","81",81
"SEV_SEP_6HR","98",98
"SEV_SEP_6HR","83",83
"SEV_SEP_6HR",NA,NA
"SEV_SEP_6HR","97",97
"SEV_SEP_6HR","100",100
"SEV_SEP_6HR",NA,NA
"SEV_SEP_6HR","96",96
"SEV_SEP_6HR","89",89
"SEV_SEP_6HR","79",79
"SEV_SEP_6HR","81",81
"SEV_SEP_6HR","96",96
"SEV_SEP_6HR","93",93
"SEV_SEP_6HR","91",91
"SEV_SEP_6HR","98",98
"SEV_SEP_6HR",NA,NA
"SEV_SEP_6HR","99",99
"SEV_SEP_6HR","98",98
"SEV_SEP_6HR","90",90
"SEV_SEP_6HR","89",89
"SEV_SEP_6HR","76",76
"SEV_SEP_6HR",NA,NA
"SEV_SEP_6HR",NA,NA
"SEV_SEP_6HR",NA,NA
"SEV_SEP_6HR",NA,NA
"SEV_SEP_6HR",NA,NA
"SEV_SEP_6HR",NA,NA
"SEV_SEP_6HR",NA,NA
"SEV_SEP_6HR",NA,NA
"SEV_SEP_6HR","86",86
"SEV_SEP_6HR","96",96
"SEV_SEP_6HR","91",91
"SEV_SEP_6HR",NA,NA
"SEV_SEP_6HR","83",83
"SEV_SEP_6HR","93",93
"SEV_SEP_6HR","92",92
"SEV_SEP_6HR","91",91
"SEV_SEP_6HR","91",91
"SEV_SEP_6HR","96",96
"SEV_SEP_6HR","72",72
"SEV_SEP_6HR","92",92
"SEV_SEP_6HR","91",91
"SEV_SEP_6HR","88",88
"SEV_SEP_6HR","89",89
"SEV_SEP_6HR","86",86
"SEV_SEP_6HR",NA,NA
"SEV_SEP_6HR","90",90
"SEV_SEP_6HR","94",94
"SEV_SEP_6HR","94",94
"SEV_SEP_6HR","86",86
"SEV_SEP_6HR","84",84
"SEV_SEP_6HR","81",81
"SEV_SEP_6HR","94",94
"SEV_SEP_6HR","91",91
"SEV_SEP_6HR","96",96
"SEV_SEP_6HR","88",88
"SEV_SEP_6HR","82",82
"SEV_SEP_6HR","98",98
"SEV_SEP_6HR",NA,NA
"SEV_SEP_6HR","98",98
"SEV_SEP_6HR","93",93
"SEV_SEP_6HR",NA,NA
"SEV_SEP_6HR",NA,NA
"SEV_SEP_6HR","95",95
"SEV_SEP_6HR","95",95
"SEV_SEP_6HR","100",100
"SEV_SEP_6HR","96",96
"SEV_SEP_6HR","92",92
"SEV_SEP_6HR","96",96
"SEV_SEP_6HR","96",96
"SEV_SEP_6HR","95",95
"SEV_SEP_6HR","89",89
"SEV_SEP_6HR",NA,NA
"SEV_SEP_6HR","76",76
"SEV_SEP_6HR","79",79
"SEV_SEP_6HR","98",98
"SEV_SEP_6HR","93",93
"SEV_SEP_6HR","92",92
"SEV_SEP_6HR","85",85
"SEV_SEP_6HR","100",100
"SEV_SEP_6HR","88",88
"SEV_SEP_6HR","89",89
"SEV_SEP_6HR","89",89
"SEV_SEP_6HR","100",100
"SEV_SEP_6HR",NA,NA
"SEV_SEP_6HR","84",84
"SEV_SEP_6HR","97",97
"SEV_SEP_6HR","92",92
"SEV_SEP_6HR","65",65
"SEV_SEP_6HR","98",98
"SEV_SEP_6HR","100",100
"SEV_SEP_6HR","94",94
"SEV_SEP_6HR","93",93
"SEV_SEP_6HR","94",94
"SEV_SEP_6HR","83",83
"SEV_SEP_6HR",NA,NA
"SEV_SEP_6HR","98",98
"SEV_SEP_6HR","83",83
"SEV_SEP_6HR","96",96
"SEV_SEP_6HR","100",100
"SEV_SEP_6HR","88",88
"SEV_SEP_6HR","84",84
"SEV_SEP_6HR","82",82
"SEV_SEP_6HR","97",97
"SEV_SEP_6HR","84",84
"SEV_SEP_6HR",NA,NA
"SEV_SEP_6HR","95",95
"SEV_SEP_6HR","100",100
"SEV_SEP_6HR","94",94
"SEV_SEP_6HR",NA,NA
"SEV_SEP_6HR","94",94
"SEV_SEP_6HR","95",95
"SEV_SEP_6HR","86",86
"SEV_SEP_6HR",NA,NA
"SEV_SEP_6HR","94",94
"SEV_SEP_6HR",NA,NA
"SEV_SEP_6HR",NA,NA
"SEV_SEP_6HR",NA,NA
"SEV_SEP_6HR","90",90
"SEV_SEP_6HR","95",95
"SEV_SEP_6HR",NA,NA
"SEV_SEP_6HR",NA,NA
"SEV_SEP_6HR",NA,NA
"SEV_SEP_6HR",NA,NA
"SEV_SEP_6HR",NA,NA
"SEV_SEP_6HR",NA,NA
"SEV_SEP_6HR",NA,NA
"SEV_SEP_6HR",NA,NA
"SEV_SEP_6HR",NA,NA
"SEV_SEP_6HR",NA,NA
"SEV_SEP_6HR",NA,NA
"SEV_SEP_6HR",NA,NA
"SEV_SEP_6HR",NA,NA
"SEV_SEP_6HR",NA,NA
"SEV_SEP_6HR",NA,NA
"SEV_SEP_6HR","93",93
"SEV_SEP_6HR","96",96
"SEV_SEP_6HR",NA,NA
"SEV_SEP_6HR","100",100
"SEV_SEP_6HR",NA,NA
"SEV_SEP_6HR","95",95
"SEV_SEP_6HR",NA,NA
"SEV_SEP_6HR",NA,NA
"SEV_SEP_6HR",NA,NA
"SEV_SEP_6HR",NA,NA
"SEV_SEP_6HR",NA,NA
"SEV_SEP_6HR",NA,NA
"SEV_SEP_6HR",NA,NA
"SEV_SEP_6HR",NA,NA
"SEV_SEP_6HR",NA,NA
"SEV_SEP_6HR","96",96
"SEV_SEP_6HR",NA,NA
"SEV_SEP_6HR","88",88
"SEV_SEP_6HR","98",98
"SEV_SEP_6HR",NA,NA
"SEV_SEP_6HR",NA,NA
"SEV_SEP_6HR","66",66
"SEV_SEP_6HR","84",84
"SEV_SEP_6HR","85",85
"SEV_SEP_6HR","100",100
"SEV_SEP_6HR","86",86
"SEV_SEP_6HR","79",79
"SEV_SEP_6HR","96",96
"SEV_SEP_6HR",NA,NA
"SEV_SEP_6HR","100",100
"SEV_SEP_6HR","95",95
"SEV_SEP_6HR","97",97
"SEV_SEP_6HR","67",67
"SEV_SEP_6HR","94",94
"SEV_SEP_6HR","100",100
"SEV_SEP_6HR","93",93
"SEV_SEP_6HR","100",100
"SEV_SEP_6HR","88",88
"SEV_SEP_6HR","97",97
"SEV_SEP_6HR","98",98
"SEV_SEP_6HR","99",99
"SEV_SEP_6HR","98",98
"SEV_SEP_6HR","91",91
"SEV_SEP_6HR","95",95
"SEV_SEP_6HR","100",100
"SEV_SEP_6HR","96",96
"SEV_SEP_6HR","100",100
"SEV_SEP_6HR","87",87
"SEV_SEP_6HR","98",98
"SEV_SEP_6HR","96",96
"SEV_SEP_6HR","100",100
"SEV_SEP_6HR","87",87
"SEV_SEP_6HR","92",92
"SEV_SEP_6HR","97",97
"SEV_SEP_6HR","90",90
"SEV_SEP_6HR","85",85
"SEV_SEP_6HR","98",98
"SEV_SEP_6HR","84",84
"SEV_SEP_6HR","93",93
"SEV_SEP_6HR","98",98
"SEV_SEP_6HR","100",100
"SEV_SEP_6HR","95",95
"SEV_SEP_6HR",NA,NA
"SEV_SEP_6HR","95",95
"SEV_SEP_6HR","96",96
"SEV_SEP_6HR","89",89
"SEV_SEP_6HR","75",75
"SEV_SEP_6HR",NA,NA
"SEV_SEP_6HR",NA,NA
"SEV_SEP_6HR",NA,NA
"SEV_SEP_6HR",NA,NA
"SEV_SEP_6HR",NA,NA
"SEV_SEP_6HR",NA,NA
"SEV_SEP_6HR",NA,NA
"SEV_SEP_6HR","85",85
"SEV_SEP_6HR",NA,NA
"SEV_SEP_6HR",NA,NA
"SEV_SEP_6HR",NA,NA
"SEV_SEP_6HR",NA,NA
"SEV_SEP_6HR",NA,NA
"SEV_SEP_6HR",NA,NA
"SEV_SEP_6HR",NA,NA
"SEV_SEP_6HR",NA,NA
"SEV_SEP_6HR",NA,NA
"SEV_SEP_6HR",NA,NA
"SEV_SEP_6HR",NA,NA
"SEV_SEP_6HR",NA,NA
"SEV_SEP_6HR",NA,NA
"SEV_SEP_6HR",NA,NA
"SEV_SEP_6HR","82",82
"SEV_SEP_6HR",NA,NA
"SEV_SEP_6HR",NA,NA
"SEV_SEP_6HR",NA,NA
"SEV_SEP_6HR","68",68
"SEV_SEP_6HR",NA,NA
"SEV_SEP_6HR",NA,NA
"SEV_SEP_6HR",NA,NA
"SEV_SEP_6HR",NA,NA
"SEV_SEP_6HR",NA,NA
"SEV_SEP_6HR",NA,NA
"SEV_SEP_6HR",NA,NA
"SEV_SEP_6HR",NA,NA
"SEV_SEP_6HR","100",100
"SEV_SEP_6HR",NA,NA
"SEV_SEP_6HR",NA,NA
"SEV_SEP_6HR",NA,NA
"SEV_SEP_6HR",NA,NA
"SEV_SEP_6HR",NA,NA
"SEV_SEP_6HR",NA,NA
"SEV_SEP_6HR",NA,NA
"SEV_SEP_6HR",NA,NA
"SEV_SEP_6HR",NA,NA
"SEV_SEP_6HR","93",93
"SEV_SEP_6HR",NA,NA
"SEV_SEP_6HR",NA,NA
"SEV_SEP_6HR",NA,NA
"SEV_SEP_6HR",NA,NA
"SEV_SEP_6HR",NA,NA
"SEV_SEP_6HR",NA,NA
"SEV_SEP_6HR",NA,NA
"SEV_SEP_6HR",NA,NA
"SEV_SEP_6HR","100",100
"SEV_SEP_6HR",NA,NA
"SEV_SEP_6HR","92",92
"SEV_SEP_6HR",NA,NA
"SEV_SEP_6HR",NA,NA
"SEV_SEP_6HR",NA,NA
"SEV_SEP_6HR",NA,NA
"SEV_SEP_6HR",NA,NA
"SEV_SEP_6HR","82",82
"SEV_SEP_6HR",NA,NA
"SEV_SEP_6HR","70",70
"SEV_SEP_6HR",NA,NA
"SEV_SEP_6HR",NA,NA
"SEV_SEP_6HR",NA,NA
"SEV_SEP_6HR",NA,NA
"SEV_SEP_6HR",NA,NA
"SEV_SEP_6HR",NA,NA
"SEV_SEP_6HR",NA,NA
"SEV_SEP_6HR","97",97
"SEV_SEP_6HR",NA,NA
"SEV_SEP_6HR","94",94
"SEV_SEP_6HR",NA,NA
"SEV_SEP_6HR",NA,NA
"SEV_SEP_6HR",NA,NA
"SEV_SEP_6HR","75",75
"SEV_SEP_6HR","93",93
"SEV_SEP_6HR","91",91
"SEV_SEP_6HR","98",98
"SEV_SEP_6HR","91",91
"SEV_SEP_6HR","92",92
"SEV_SEP_6HR",NA,NA
"SEV_SEP_6HR",NA,NA
"SEV_SEP_6HR","93",93
"SEV_SEP_6HR","96",96
"SEV_SEP_6HR","88",88
"SEV_SEP_6HR",NA,NA
"SEV_SEP_6HR","86",86
"SEV_SEP_6HR","96",96
"SEV_SEP_6HR","92",92
"SEV_SEP_6HR","81",81
"SEV_SEP_6HR","95",95
"SEV_SEP_6HR","84",84
"SEV_SEP_6HR","100",100
"SEV_SEP_6HR","98",98
"SEV_SEP_6HR","89",89
"SEV_SEP_6HR",NA,NA
"SEV_SEP_6HR","81",81
"SEV_SEP_6HR","93",93
"SEV_SEP_6HR","85",85
"SEV_SEP_6HR",NA,NA
"SEV_SEP_6HR","91",91
"SEV_SEP_6HR","97",97
"SEV_SEP_6HR","61",61
"SEV_SEP_6HR","77",77
"SEV_SEP_6HR","92",92
"SEV_SEP_6HR",NA,NA
"SEV_SEP_6HR","73",73
"SEV_SEP_6HR","95",95
"SEV_SEP_6HR","96",96
"SEV_SEP_6HR","76",76
"SEV_SEP_6HR","90",90
"SEV_SEP_6HR","45",45
"SEV_SEP_6HR","83",83
"SEV_SEP_6HR","94",94
"SEV_SEP_6HR","94",94
"SEV_SEP_6HR","98",98
"SEV_SEP_6HR","88",88
"SEV_SEP_6HR","90",90
"SEV_SEP_6HR","95",95
"SEV_SEP_6HR","93",93
"SEV_SEP_6HR","80",80
"SEV_SEP_6HR",NA,NA
"SEV_SEP_6HR",NA,NA
"SEV_SEP_6HR",NA,NA
"SEV_SEP_6HR","80",80
"SEV_SEP_6HR","94",94
"SEV_SEP_6HR",NA,NA
"SEV_SEP_6HR",NA,NA
"SEV_SEP_6HR","83",83
"SEV_SEP_6HR","90",90
"SEV_SEP_6HR","88",88
"SEV_SEP_6HR",NA,NA
"SEV_SEP_6HR",NA,NA
"SEV_SEP_6HR",NA,NA
"SEV_SEP_6HR",NA,NA
"SEV_SEP_6HR",NA,NA
"SEV_SEP_6HR",NA,NA
"SEV_SEP_6HR",NA,NA
"SEV_SEP_6HR",NA,NA
"SEV_SEP_6HR","92",92
"SEV_SEP_6HR",NA,NA
"SEV_SEP_6HR",NA,NA
"SEV_SEP_6HR","38",38
"SEV_SEP_6HR",NA,NA
"SEV_SEP_6HR",NA,NA
"SEV_SEP_6HR",NA,NA
"SEV_SEP_6HR",NA,NA
"SEV_SEP_6HR",NA,NA
"SEV_SEP_6HR",NA,NA
"SEV_SEP_6HR",NA,NA
"SEV_SEP_6HR",NA,NA
"SEV_SEP_6HR",NA,NA
"SEV_SEP_6HR",NA,NA
"SEV_SEP_6HR",NA,NA
"SEV_SEP_6HR",NA,NA
"SEV_SEP_6HR",NA,NA
"SEV_SEP_6HR",NA,NA
"SEV_SEP_6HR",NA,NA
"SEV_SEP_6HR",NA,NA
"SEV_SEP_6HR",NA,NA
"SEV_SEP_6HR",NA,NA
"SEV_SEP_6HR",NA,NA
"SEV_SEP_6HR",NA,NA
"SEV_SEP_6HR","95",95
"SEV_SEP_6HR","92",92
"SEV_SEP_6HR","95",95
"SEV_SEP_6HR","97",97
"SEV_SEP_6HR","86",86
"SEV_SEP_6HR","94",94
"SEV_SEP_6HR","96",96
"SEV_SEP_6HR","90",90
"SEV_SEP_6HR","100",100
"SEV_SEP_6HR","73",73
"SEV_SEP_6HR","93",93
"SEV_SEP_6HR","88",88
"SEV_SEP_6HR",NA,NA
"SEV_SEP_6HR","86",86
"SEV_SEP_6HR",NA,NA
"SEV_SEP_6HR","87",87
"SEV_SEP_6HR","90",90
"SEV_SEP_6HR","100",100
"SEV_SEP_6HR","99",99
"SEV_SEP_6HR","100",100
"SEV_SEP_6HR","96",96
"SEV_SEP_6HR",NA,NA
"SEV_SEP_6HR","99",99
"SEV_SEP_6HR","97",97
"SEV_SEP_6HR","79",79
"SEV_SEP_6HR",NA,NA
"SEV_SEP_6HR","96",96
"SEV_SEP_6HR","89",89
"SEV_SEP_6HR","94",94
"SEV_SEP_6HR","93",93
"SEV_SEP_6HR","93",93
"SEV_SEP_6HR","88",88
"SEV_SEP_6HR","96",96
"SEV_SEP_6HR","83",83
"SEV_SEP_6HR","97",97
"SEV_SEP_6HR","98",98
"SEV_SEP_6HR","90",90
"SEV_SEP_6HR","91",91
"SEV_SEP_6HR","87",87
"SEV_SEP_6HR","96",96
"SEV_SEP_6HR","88",88
"SEV_SEP_6HR","76",76
"SEV_SEP_6HR","89",89
"SEV_SEP_6HR","96",96
"SEV_SEP_6HR","100",100
"SEV_SEP_6HR","89",89
"SEV_SEP_6HR","94",94
"SEV_SEP_6HR","97",97
"SEV_SEP_6HR","91",91
"SEV_SEP_6HR","97",97
"SEV_SEP_6HR","89",89
"SEV_SEP_6HR","80",80
"SEV_SEP_6HR","92",92
"SEV_SEP_6HR","92",92
"SEV_SEP_6HR","94",94
"SEV_SEP_6HR","97",97
"SEV_SEP_6HR","90",90
"SEV_SEP_6HR","92",92
"SEV_SEP_6HR","96",96
"SEV_SEP_6HR","100",100
"SEV_SEP_6HR","84",84
"SEV_SEP_6HR","82",82
"SEV_SEP_6HR","100",100
"SEV_SEP_6HR","99",99
"SEV_SEP_6HR","97",97
"SEV_SEP_6HR",NA,NA
"SEV_SEP_6HR",NA,NA
"SEV_SEP_6HR",NA,NA
"SEV_SEP_6HR",NA,NA
"SEV_SEP_6HR",NA,NA
"SEV_SEP_6HR",NA,NA
"SEV_SEP_6HR",NA,NA
"SEV_SEP_6HR","100",100
"SEV_SEP_6HR",NA,NA
"SEV_SEP_6HR",NA,NA
"SEV_SEP_6HR",NA,NA
"SEV_SEP_6HR",NA,NA
"SEV_SEP_6HR",NA,NA
"SEV_SEP_6HR",NA,NA
"SEV_SEP_6HR",NA,NA
"SEV_SEP_6HR",NA,NA
"SEV_SEP_6HR",NA,NA
"SEV_SEP_6HR","95",95
"SEV_SEP_6HR","100",100
"SEV_SEP_6HR",NA,NA
"SEV_SEP_6HR",NA,NA
"SEV_SEP_6HR","100",100
"SEV_SEP_6HR",NA,NA
"SEV_SEP_6HR",NA,NA
"SEV_SEP_6HR",NA,NA
"SEV_SEP_6HR","97",97
"SEV_SEP_6HR",NA,NA
"SEV_SEP_6HR",NA,NA
"SEV_SEP_6HR","47",47
"SEV_SEP_6HR",NA,NA
"SEV_SEP_6HR",NA,NA
"SEV_SEP_6HR",NA,NA
"SEV_SEP_6HR","96",96
"SEV_SEP_6HR",NA,NA
"SEV_SEP_6HR",NA,NA
"SEV_SEP_6HR",NA,NA
"SEV_SEP_6HR",NA,NA
"SEV_SEP_6HR",NA,NA
"SEV_SEP_6HR","89",89
"SEV_SEP_6HR","95",95
"SEV_SEP_6HR","88",88
"SEV_SEP_6HR","94",94
"SEV_SEP_6HR","95",95
"SEV_SEP_6HR","88",88
"SEV_SEP_6HR","95",95
"SEV_SEP_6HR","94",94
"SEV_SEP_6HR","92",92
"SEV_SEP_6HR",NA,NA
"SEV_SEP_6HR","89",89
"SEV_SEP_6HR",NA,NA
"SEV_SEP_6HR",NA,NA
"SEV_SEP_6HR",NA,NA
"SEV_SEP_6HR",NA,NA
"SEV_SEP_6HR",NA,NA
"SEV_SEP_6HR",NA,NA
"SEV_SEP_6HR",NA,NA
"SEV_SEP_6HR",NA,NA
"SEV_SEP_6HR",NA,NA
"SEV_SEP_6HR",NA,NA
"SEV_SEP_6HR",NA,NA
"SEV_SEP_6HR",NA,NA
"SEV_SEP_6HR",NA,NA
"SEV_SEP_6HR",NA,NA
"SEV_SEP_6HR",NA,NA
"SEV_SEP_6HR",NA,NA
"SEV_SEP_6HR",NA,NA
"SEV_SEP_6HR",NA,NA
"SEV_SEP_6HR","94",94
"SEV_SEP_6HR",NA,NA
"SEV_SEP_6HR",NA,NA
"SEV_SEP_6HR",NA,NA
"SEV_SEP_6HR",NA,NA
"SEV_SEP_6HR",NA,NA
"SEV_SEP_6HR",NA,NA
"SEV_SEP_6HR",NA,NA
"SEV_SEP_6HR",NA,NA
"SEV_SEP_6HR",NA,NA
"SEV_SEP_6HR",NA,NA
"SEV_SEP_6HR",NA,NA
"SEV_SEP_6HR",NA,NA
"SEV_SEP_6HR",NA,NA
"SEV_SEP_6HR",NA,NA
"SEV_SEP_6HR",NA,NA
"SEV_SEP_6HR",NA,NA
"SEV_SEP_6HR","100",100
"SEV_SEP_6HR","98",98
"SEV_SEP_6HR",NA,NA
"SEV_SEP_6HR",NA,NA
"SEV_SEP_6HR",NA,NA
"SEV_SEP_6HR",NA,NA
"SEV_SEP_6HR",NA,NA
"SEV_SEP_6HR",NA,NA
"SEV_SEP_6HR","97",97
"SEV_SEP_6HR",NA,NA
"SEV_SEP_6HR",NA,NA
"SEV_SEP_6HR",NA,NA
"SEV_SEP_6HR","100",100
"SEV_SEP_6HR",NA,NA
"SEV_SEP_6HR",NA,NA
"SEV_SEP_6HR","86",86
"SEV_SEP_6HR","95",95
"SEV_SEP_6HR","85",85
"SEV_SEP_6HR","94",94
"SEV_SEP_6HR","94",94
"SEV_SEP_6HR","94",94
"SEV_SEP_6HR","90",90
"SEV_SEP_6HR",NA,NA
"SEV_SEP_6HR","91",91
"SEV_SEP_6HR","91",91
"SEV_SEP_6HR","94",94
"SEV_SEP_6HR","99",99
"SEV_SEP_6HR","92",92
"SEV_SEP_6HR","91",91
"SEV_SEP_6HR","100",100
"SEV_SEP_6HR","95",95
"SEV_SEP_6HR",NA,NA
"SEV_SEP_6HR",NA,NA
"SEV_SEP_6HR",NA,NA
"SEV_SEP_6HR","80",80
"SEV_SEP_6HR",NA,NA
"SEV_SEP_6HR","62",62
"SEV_SEP_6HR",NA,NA
"SEV_SEP_6HR","95",95
"SEV_SEP_6HR","77",77
"SEV_SEP_6HR",NA,NA
"SEV_SEP_6HR",NA,NA
"SEV_SEP_6HR",NA,NA
"SEV_SEP_6HR",NA,NA
"SEV_SEP_6HR",NA,NA
"SEV_SEP_6HR",NA,NA
"SEV_SEP_6HR",NA,NA
"SEV_SEP_6HR",NA,NA
"SEV_SEP_6HR",NA,NA
"SEV_SEP_6HR",NA,NA
"SEV_SEP_6HR",NA,NA
"SEV_SEP_6HR",NA,NA
"SEV_SEP_6HR",NA,NA
"SEV_SEP_6HR",NA,NA
"SEV_SEP_6HR",NA,NA
"SEV_SEP_6HR",NA,NA
"SEV_SEP_6HR",NA,NA
"SEV_SEP_6HR",NA,NA
"SEV_SEP_6HR",NA,NA
"SEV_SEP_6HR",NA,NA
"SEV_SEP_6HR","91",91
"SEV_SEP_6HR",NA,NA
"SEV_SEP_6HR",NA,NA
"SEV_SEP_6HR",NA,NA
"SEV_SEP_6HR",NA,NA
"SEV_SEP_6HR",NA,NA
"SEV_SEP_6HR",NA,NA
"SEV_SEP_6HR",NA,NA
"SEV_SEP_6HR",NA,NA
"SEV_SEP_6HR",NA,NA
"SEV_SEP_6HR",NA,NA
"SEV_SEP_6HR",NA,NA
"SEV_SEP_6HR",NA,NA
"SEV_SEP_6HR",NA,NA
"SEV_SEP_6HR",NA,NA
"SEV_SEP_6HR",NA,NA
"SEV_SEP_6HR",NA,NA
"SEV_SEP_6HR",NA,NA
"SEV_SEP_6HR","100",100
"SEV_SEP_6HR",NA,NA
"SEV_SEP_6HR",NA,NA
"SEV_SEP_6HR",NA,NA
"SEV_SEP_6HR","100",100
"SEV_SEP_6HR",NA,NA
"SEV_SEP_6HR",NA,NA
"SEV_SEP_6HR",NA,NA
"SEV_SEP_6HR",NA,NA
"SEV_SEP_6HR",NA,NA
"SEV_SEP_6HR",NA,NA
"SEV_SEP_6HR",NA,NA
"SEV_SEP_6HR",NA,NA
"SEV_SEP_6HR",NA,NA
"SEV_SEP_6HR",NA,NA
"SEV_SEP_6HR",NA,NA
"SEV_SEP_6HR",NA,NA
"SEV_SEP_6HR","86",86
"SEV_SEP_6HR",NA,NA
"SEV_SEP_6HR",NA,NA
"SEV_SEP_6HR",NA,NA
"SEV_SEP_6HR",NA,NA
"SEV_SEP_6HR","98",98
"SEV_SEP_6HR",NA,NA
"SEV_SEP_6HR",NA,NA
"SEV_SEP_6HR",NA,NA
"SEV_SEP_6HR","95",95
"SEV_SEP_6HR","92",92
"SEV_SEP_6HR","100",100
"SEV_SEP_6HR","94",94
"SEV_SEP_6HR","81",81
"SEV_SEP_6HR","96",96
"SEV_SEP_6HR",NA,NA
"SEV_SEP_6HR","95",95
"SEV_SEP_6HR",NA,NA
"SEV_SEP_6HR","90",90
"SEV_SEP_6HR","98",98
"SEV_SEP_6HR","96",96
"SEV_SEP_6HR","90",90
"SEV_SEP_6HR",NA,NA
"SEV_SEP_6HR","99",99
"SEV_SEP_6HR","92",92
"SEV_SEP_6HR","98",98
"SEV_SEP_6HR","94",94
"SEV_SEP_6HR","100",100
"SEV_SEP_6HR","95",95
"SEV_SEP_6HR","95",95
"SEV_SEP_6HR","67",67
"SEV_SEP_6HR","100",100
"SEV_SEP_6HR",NA,NA
"SEV_SEP_6HR",NA,NA
"SEV_SEP_6HR",NA,NA
"SEV_SEP_6HR",NA,NA
"SEV_SEP_6HR",NA,NA
"SEV_SEP_6HR",NA,NA
"SEV_SEP_6HR","90",90
"SEV_SEP_6HR","69",69
"SEV_SEP_6HR",NA,NA
"SEV_SEP_6HR",NA,NA
"SEV_SEP_6HR",NA,NA
"SEV_SEP_6HR",NA,NA
"SEV_SEP_6HR",NA,NA
"SEV_SEP_6HR","94",94
"SEV_SEP_6HR","82",82
"SEV_SEP_6HR","96",96
"SEV_SEP_6HR","100",100
"SEV_SEP_6HR","96",96
"SEV_SEP_6HR","100",100
"SEV_SEP_6HR","98",98
"SEV_SEP_6HR","84",84
"SEV_SEP_6HR","96",96
"SEV_SEP_6HR","92",92
"SEV_SEP_6HR","90",90
"SEV_SEP_6HR","87",87
"SEV_SEP_6HR","90",90
"SEV_SEP_6HR",NA,NA
"SEV_SEP_6HR",NA,NA
"SEV_SEP_6HR","72",72
"SEV_SEP_6HR",NA,NA
"SEV_SEP_6HR",NA,NA
"SEV_SEP_6HR",NA,NA
"SEV_SEP_6HR","100",100
"SEV_SEP_6HR","93",93
"SEV_SEP_6HR",NA,NA
"SEV_SEP_6HR",NA,NA
"SEV_SEP_6HR",NA,NA
"SEV_SEP_6HR","96",96
"SEV_SEP_6HR",NA,NA
"SEV_SEP_6HR","95",95
"SEV_SEP_6HR","90",90
"SEV_SEP_6HR","83",83
"SEV_SEP_6HR","81",81
"SEV_SEP_6HR","94",94
"SEV_SEP_6HR","100",100
"SEV_SEP_6HR","96",96
"SEV_SEP_6HR","94",94
"SEV_SEP_6HR","99",99
"SEV_SEP_6HR","93",93
"SEV_SEP_6HR","93",93
"SEV_SEP_6HR","87",87
"SEV_SEP_6HR","95",95
"SEV_SEP_6HR","86",86
"SEV_SEP_6HR","88",88
"SEV_SEP_6HR","96",96
"SEV_SEP_6HR","99",99
"SEV_SEP_6HR","88",88
"SEV_SEP_6HR","95",95
"SEV_SEP_6HR","79",79
"SEV_SEP_6HR","96",96
"SEV_SEP_6HR",NA,NA
"SEV_SEP_6HR","97",97
"SEV_SEP_6HR","99",99
"SEV_SEP_6HR","91",91
"SEV_SEP_6HR","99",99
"SEV_SEP_6HR","88",88
"SEV_SEP_6HR","94",94
"SEV_SEP_6HR","93",93
"SEV_SEP_6HR","92",92
"SEV_SEP_6HR","91",91
"SEV_SEP_6HR","95",95
"SEV_SEP_6HR","94",94
"SEV_SEP_6HR","77",77
"SEV_SEP_6HR","98",98
"SEV_SEP_6HR","94",94
"SEV_SEP_6HR","96",96
"SEV_SEP_6HR","91",91
"SEV_SEP_6HR","98",98
"SEV_SEP_6HR","96",96
"SEV_SEP_6HR","95",95
"SEV_SEP_6HR","99",99
"SEV_SEP_6HR","74",74
"SEV_SEP_6HR","94",94
"SEV_SEP_6HR","98",98
"SEV_SEP_6HR","98",98
"SEV_SEP_6HR","86",86
"SEV_SEP_6HR","83",83
"SEV_SEP_6HR","98",98
"SEV_SEP_6HR","92",92
"SEV_SEP_6HR","90",90
"SEV_SEP_6HR","96",96
"SEV_SEP_6HR","97",97
"SEV_SEP_6HR","92",92
"SEV_SEP_6HR","88",88
"SEV_SEP_6HR","94",94
"SEV_SEP_6HR","99",99
"SEV_SEP_6HR","80",80
"SEV_SEP_6HR","97",97
"SEV_SEP_6HR","62",62
"SEV_SEP_6HR","96",96
"SEV_SEP_6HR",NA,NA
"SEV_SEP_6HR",NA,NA
"SEV_SEP_6HR","70",70
"SEV_SEP_6HR","95",95
"SEV_SEP_6HR","91",91
"SEV_SEP_6HR","86",86
"SEV_SEP_6HR","92",92
"SEV_SEP_6HR","95",95
"SEV_SEP_6HR","51",51
"SEV_SEP_6HR","87",87
"SEV_SEP_6HR","95",95
"SEV_SEP_6HR","52",52
"SEV_SEP_6HR","28",28
"SEV_SEP_6HR","92",92
"SEV_SEP_6HR","96",96
"SEV_SEP_6HR",NA,NA
"SEV_SEP_6HR","65",65
"SEV_SEP_6HR",NA,NA
"SEV_SEP_6HR","74",74
"SEV_SEP_6HR",NA,NA
"SEV_SEP_6HR","94",94
"SEV_SEP_6HR","86",86
"SEV_SEP_6HR","98",98
"SEV_SEP_6HR",NA,NA
"SEV_SEP_6HR","76",76
"SEV_SEP_6HR","100",100
"SEV_SEP_6HR","69",69
"SEV_SEP_6HR","48",48
"SEV_SEP_6HR",NA,NA
"SEV_SEP_6HR",NA,NA
"SEV_SEP_6HR",NA,NA
"SEV_SEP_6HR",NA,NA
"SEV_SEP_6HR",NA,NA
"SEV_SEP_6HR",NA,NA
"SEV_SEP_6HR","77",77
"SEV_SEP_6HR","38",38
"SEV_SEP_6HR","100",100
"SEV_SEP_6HR","95",95
"SEV_SEP_6HR","88",88
"SEV_SEP_6HR",NA,NA
"SEV_SEP_6HR",NA,NA
"SEV_SEP_6HR","89",89
"SEV_SEP_6HR","75",75
"SEV_SEP_6HR","82",82
"SEV_SEP_6HR","92",92
"SEV_SEP_6HR","81",81
"SEV_SEP_6HR","96",96
"SEV_SEP_6HR","64",64
"SEV_SEP_6HR","88",88
"SEV_SEP_6HR","89",89
"SEV_SEP_6HR","67",67
"SEV_SEP_6HR","65",65
"SEV_SEP_6HR","76",76
"SEV_SEP_6HR","94",94
"SEV_SEP_6HR","88",88
"SEV_SEP_6HR","60",60
"SEV_SEP_6HR","99",99
"SEV_SEP_6HR","93",93
"SEV_SEP_6HR","90",90
"SEV_SEP_6HR","92",92
"SEV_SEP_6HR","91",91
"SEV_SEP_6HR","76",76
"SEV_SEP_6HR","77",77
"SEV_SEP_6HR","88",88
"SEV_SEP_6HR","51",51
"SEV_SEP_6HR","72",72
"SEV_SEP_6HR","80",80
"SEV_SEP_6HR","77",77
"SEV_SEP_6HR","81",81
"SEV_SEP_6HR","79",79
"SEV_SEP_6HR","84",84
"SEV_SEP_6HR","79",79
"SEV_SEP_6HR","58",58
"SEV_SEP_6HR","78",78
"SEV_SEP_6HR","94",94
"SEV_SEP_6HR","82",82
"SEV_SEP_6HR",NA,NA
"SEV_SEP_6HR","67",67
"SEV_SEP_6HR","86",86
"SEV_SEP_6HR","85",85
"SEV_SEP_6HR","86",86
"SEV_SEP_6HR","95",95
"SEV_SEP_6HR","87",87
"SEV_SEP_6HR","57",57
"SEV_SEP_6HR","99",99
"SEV_SEP_6HR","92",92
"SEV_SEP_6HR","67",67
"SEV_SEP_6HR","83",83
"SEV_SEP_6HR","51",51
"SEV_SEP_6HR","66",66
"SEV_SEP_6HR","90",90
"SEV_SEP_6HR","56",56
"SEV_SEP_6HR","91",91
"SEV_SEP_6HR","90",90
"SEV_SEP_6HR",NA,NA
"SEV_SEP_6HR","89",89
"SEV_SEP_6HR","94",94
"SEV_SEP_6HR","96",96
"SEV_SEP_6HR","73",73
"SEV_SEP_6HR","88",88
"SEV_SEP_6HR","94",94
"SEV_SEP_6HR","67",67
"SEV_SEP_6HR",NA,NA
"SEV_SEP_6HR","93",93
"SEV_SEP_6HR","93",93
"SEV_SEP_6HR","91",91
"SEV_SEP_6HR","98",98
"SEV_SEP_6HR","94",94
"SEV_SEP_6HR","83",83
"SEV_SEP_6HR","95",95
"SEV_SEP_6HR","91",91
"SEV_SEP_6HR","94",94
"SEV_SEP_6HR","94",94
"SEV_SEP_6HR","88",88
"SEV_SEP_6HR","93",93
"SEV_SEP_6HR","59",59
"SEV_SEP_6HR","78",78
"SEV_SEP_6HR","91",91
"SEV_SEP_6HR","73",73
"SEV_SEP_6HR","62",62
"SEV_SEP_6HR","90",90
"SEV_SEP_6HR","84",84
"SEV_SEP_6HR","89",89
"SEV_SEP_6HR","74",74
"SEV_SEP_6HR","96",96
"SEV_SEP_6HR","93",93
"SEV_SEP_6HR","75",75
"SEV_SEP_6HR","95",95
"SEV_SEP_6HR","87",87
"SEV_SEP_6HR","86",86
"SEV_SEP_6HR","98",98
"SEV_SEP_6HR","88",88
"SEV_SEP_6HR","50",50
"SEV_SEP_6HR","88",88
"SEV_SEP_6HR","54",54
"SEV_SEP_6HR","81",81
"SEV_SEP_6HR","94",94
"SEV_SEP_6HR","61",61
"SEV_SEP_6HR","93",93
"SEV_SEP_6HR","78",78
"SEV_SEP_6HR","61",61
"SEV_SEP_6HR","80",80
"SEV_SEP_6HR","97",97
"SEV_SEP_6HR","89",89
"SEV_SEP_6HR","96",96
"SEV_SEP_6HR",NA,NA
"SEV_SEP_6HR","95",95
"SEV_SEP_6HR","93",93
"SEV_SEP_6HR","57",57
"SEV_SEP_6HR","73",73
"SEV_SEP_6HR",NA,NA
"SEV_SEP_6HR","87",87
"SEV_SEP_6HR","98",98
"SEV_SEP_6HR","92",92
"SEV_SEP_6HR","92",92
"SEV_SEP_6HR","72",72
"SEV_SEP_6HR","95",95
"SEV_SEP_6HR","92",92
"SEV_SEP_6HR","73",73
"SEV_SEP_6HR","87",87
"SEV_SEP_6HR","98",98
"SEV_SEP_6HR","100",100
"SEV_SEP_6HR","84",84
"SEV_SEP_6HR","93",93
"SEV_SEP_6HR","80",80
"SEV_SEP_6HR","74",74
"SEV_SEP_6HR","79",79
"SEV_SEP_6HR","69",69
"SEV_SEP_6HR","87",87
"SEV_SEP_6HR",NA,NA
"SEV_SEP_6HR",NA,NA
"SEV_SEP_6HR",NA,NA
"SEV_SEP_6HR",NA,NA
"SEV_SEP_6HR",NA,NA
"SEV_SEP_6HR",NA,NA
"SEV_SEP_6HR",NA,NA
"SEV_SEP_6HR",NA,NA
"SEV_SEP_6HR",NA,NA
"SEV_SEP_6HR",NA,NA
"SEV_SEP_6HR","91",91
"SEV_SEP_6HR",NA,NA
"SEV_SEP_6HR",NA,NA
"SEV_SEP_6HR","86",86
"SEV_SEP_6HR","50",50
"SEV_SEP_6HR",NA,NA
"SEV_SEP_6HR",NA,NA
"SEV_SEP_6HR",NA,NA
"SEV_SEP_6HR",NA,NA
"SEV_SEP_6HR","79",79
"SEV_SEP_6HR","95",95
"SEV_SEP_6HR",NA,NA
"SEV_SEP_6HR",NA,NA
"SEV_SEP_6HR",NA,NA
"SEV_SEP_6HR","82",82
"SEV_SEP_6HR","93",93
"SEV_SEP_6HR","88",88
"SEV_SEP_6HR","87",87
"SEV_SEP_6HR","97",97
"SEV_SEP_6HR","92",92
"SEV_SEP_6HR","96",96
"SEV_SEP_6HR","99",99
"SEV_SEP_6HR","99",99
"SEV_SEP_6HR","91",91
"SEV_SEP_6HR","98",98
"SEV_SEP_6HR","88",88
"SEV_SEP_6HR","91",91
"SEV_SEP_6HR","99",99
"SEV_SEP_6HR","94",94
"SEV_SEP_6HR","96",96
"SEV_SEP_6HR","92",92
"SEV_SEP_6HR","96",96
"SEV_SEP_6HR","97",97
"SEV_SEP_6HR","99",99
"SEV_SEP_6HR","96",96
"SEV_SEP_6HR","98",98
"SEV_SEP_6HR","91",91
"SEV_SEP_6HR","86",86
"SEV_SEP_6HR",NA,NA
"SEV_SEP_6HR","99",99
"SEV_SEP_6HR","82",82
"SEV_SEP_6HR","100",100
"SEV_SEP_6HR","93",93
"SEV_SEP_6HR","92",92
"SEV_SEP_6HR","84",84
"SEV_SEP_6HR","94",94
"SEV_SEP_6HR","93",93
"SEV_SEP_6HR","92",92
"SEV_SEP_6HR","97",97
"SEV_SEP_6HR","91",91
"SEV_SEP_6HR",NA,NA
"SEV_SEP_6HR","98",98
"SEV_SEP_6HR","98",98
"SEV_SEP_6HR","97",97
"SEV_SEP_6HR","92",92
"SEV_SEP_6HR","90",90
"SEV_SEP_6HR","87",87
"SEV_SEP_6HR","79",79
"SEV_SEP_6HR","98",98
"SEV_SEP_6HR","95",95
"SEV_SEP_6HR","97",97
"SEV_SEP_6HR","87",87
"SEV_SEP_6HR","94",94
"SEV_SEP_6HR","95",95
"SEV_SEP_6HR","93",93
"SEV_SEP_6HR","93",93
"SEV_SEP_6HR",NA,NA
"SEV_SEP_6HR","93",93
"SEV_SEP_6HR","63",63
"SEV_SEP_6HR","91",91
"SEV_SEP_6HR","98",98
"SEV_SEP_6HR","96",96
"SEV_SEP_6HR","90",90
"SEV_SEP_6HR","85",85
"SEV_SEP_6HR","95",95
"SEV_SEP_6HR","88",88
"SEV_SEP_6HR","98",98
"SEV_SEP_6HR","97",97
"SEV_SEP_6HR","82",82
"SEV_SEP_6HR","95",95
"SEV_SEP_6HR",NA,NA
"SEV_SEP_6HR",NA,NA
"SEV_SEP_6HR","98",98
"SEV_SEP_6HR","96",96
"SEV_SEP_6HR",NA,NA
"SEV_SEP_6HR","100",100
"SEV_SEP_6HR","100",100
"SEV_SEP_6HR","92",92
"SEV_SEP_6HR",NA,NA
"SEV_SEP_6HR","97",97
"SEV_SEP_6HR","99",99
"SEV_SEP_6HR","98",98
"SEV_SEP_6HR","96",96
"SEV_SEP_6HR","96",96
"SEV_SEP_6HR","100",100
"SEV_SEP_6HR","100",100
"SEV_SEP_6HR","100",100
"SEV_SEP_6HR","88",88
"SEV_SEP_6HR",NA,NA
"SEV_SEP_6HR",NA,NA
"SEV_SEP_6HR",NA,NA
"SEV_SEP_6HR",NA,NA
"SEV_SEP_6HR",NA,NA
"SEV_SEP_6HR","85",85
"SEV_SEP_6HR","100",100
"SEV_SEP_6HR",NA,NA
"SEV_SEP_6HR",NA,NA
"SEV_SEP_6HR","88",88
"SEV_SEP_6HR",NA,NA
"SEV_SEP_6HR","68",68
"SEV_SEP_6HR",NA,NA
"SEV_SEP_6HR",NA,NA
"SEV_SEP_6HR",NA,NA
"SEV_SEP_6HR","98",98
"SEV_SEP_6HR",NA,NA
"SEV_SEP_6HR",NA,NA
"SEV_SEP_6HR","98",98
"SEV_SEP_6HR","86",86
"SEV_SEP_6HR","97",97
"SEV_SEP_6HR","98",98
"SEV_SEP_6HR","86",86
"SEV_SEP_6HR","84",84
"SEV_SEP_6HR",NA,NA
"SEV_SEP_6HR","97",97
"SEV_SEP_6HR",NA,NA
"SEV_SEP_6HR",NA,NA
"SEV_SEP_6HR",NA,NA
"SEV_SEP_6HR",NA,NA
"SEV_SEP_6HR",NA,NA
"SEV_SEP_6HR",NA,NA
"SEV_SEP_6HR",NA,NA
"SEV_SEP_6HR",NA,NA
"SEV_SEP_6HR",NA,NA
"SEV_SEP_6HR",NA,NA
"SEV_SEP_6HR",NA,NA
"SEV_SEP_6HR",NA,NA
"SEV_SEP_6HR",NA,NA
"SEV_SEP_6HR",NA,NA
"SEV_SEP_6HR",NA,NA
"SEV_SEP_6HR","87",87
"SEV_SEP_6HR",NA,NA
"SEV_SEP_6HR","94",94
"SEV_SEP_6HR",NA,NA
"SEV_SEP_6HR",NA,NA
"SEV_SEP_6HR",NA,NA
"SEV_SEP_6HR",NA,NA
"SEV_SEP_6HR",NA,NA
"SEV_SEP_6HR","95",95
"SEV_SEP_6HR",NA,NA
"SEV_SEP_6HR",NA,NA
"SEV_SEP_6HR",NA,NA
"SEV_SEP_6HR",NA,NA
"SEV_SEP_6HR",NA,NA
"SEV_SEP_6HR",NA,NA
"SEV_SEP_6HR",NA,NA
"SEV_SEP_6HR",NA,NA
"SEV_SEP_6HR","88",88
"SEV_SEP_6HR","97",97
"SEV_SEP_6HR","100",100
"SEV_SEP_6HR","95",95
"SEV_SEP_6HR",NA,NA
"SEV_SEP_6HR","97",97
"SEV_SEP_6HR","98",98
"SEV_SEP_6HR","93",93
"SEV_SEP_6HR","88",88
"SEV_SEP_6HR","97",97
"SEV_SEP_6HR","100",100
"SEV_SEP_6HR","72",72
"SEV_SEP_6HR","92",92
"SEV_SEP_6HR","97",97
"SEV_SEP_6HR","92",92
"SEV_SEP_6HR","98",98
"SEV_SEP_6HR","92",92
"SEV_SEP_6HR","85",85
"SEV_SEP_6HR","94",94
"SEV_SEP_6HR","96",96
"SEV_SEP_6HR","95",95
"SEV_SEP_6HR","89",89
"SEV_SEP_6HR","95",95
"SEV_SEP_6HR",NA,NA
"SEV_SEP_6HR","94",94
"SEV_SEP_6HR","96",96
"SEV_SEP_6HR","95",95
"SEV_SEP_6HR","92",92
"SEV_SEP_6HR","84",84
"SEV_SEP_6HR","88",88
"SEV_SEP_6HR","82",82
"SEV_SEP_6HR","100",100
"SEV_SEP_6HR","94",94
"SEV_SEP_6HR","96",96
"SEV_SEP_6HR","94",94
"SEV_SEP_6HR","97",97
"SEV_SEP_6HR","86",86
"SEV_SEP_6HR","75",75
"SEV_SEP_6HR","94",94
"SEV_SEP_6HR","88",88
"SEV_SEP_6HR","84",84
"SEV_SEP_6HR",NA,NA
"SEV_SEP_6HR","92",92
"SEV_SEP_6HR","88",88
"SEV_SEP_6HR","92",92
"SEV_SEP_6HR","90",90
"SEV_SEP_6HR","94",94
"SEV_SEP_6HR","96",96
"SEV_SEP_6HR","100",100
"SEV_SEP_6HR","94",94
"SEV_SEP_6HR","91",91
"SEV_SEP_6HR","94",94
"SEV_SEP_6HR","94",94
"SEV_SEP_6HR","82",82
"SEV_SEP_6HR","96",96
"SEV_SEP_6HR","94",94
"SEV_SEP_6HR","89",89
"SEV_SEP_6HR","92",92
"SEV_SEP_6HR","97",97
"SEV_SEP_6HR","92",92
"SEV_SEP_6HR","100",100
"SEV_SEP_6HR","87",87
"SEV_SEP_6HR","93",93
"SEV_SEP_6HR","97",97
"SEV_SEP_6HR","87",87
"SEV_SEP_6HR","94",94
"SEV_SEP_6HR","64",64
"SEV_SEP_6HR","92",92
"SEV_SEP_6HR","78",78
"SEV_SEP_6HR","100",100
"SEV_SEP_6HR","100",100
"SEV_SEP_6HR","96",96
"SEV_SEP_6HR","98",98
"SEV_SEP_6HR","82",82
"SEV_SEP_6HR","91",91
"SEV_SEP_6HR","92",92
"SEV_SEP_6HR","90",90
"SEV_SEP_6HR","100",100
"SEV_SEP_6HR","100",100
"SEV_SEP_6HR","83",83
"SEV_SEP_6HR","92",92
"SEV_SEP_6HR","98",98
"SEV_SEP_6HR","95",95
"SEV_SEP_6HR","74",74
"SEV_SEP_6HR","82",82
"SEV_SEP_6HR","96",96
"SEV_SEP_6HR","96",96
"SEV_SEP_6HR","88",88
"SEV_SEP_6HR","92",92
"SEV_SEP_6HR","80",80
"SEV_SEP_6HR","92",92
"SEV_SEP_6HR","91",91
"SEV_SEP_6HR","94",94
"SEV_SEP_6HR",NA,NA
"SEV_SEP_6HR","87",87
"SEV_SEP_6HR","96",96
"SEV_SEP_6HR","97",97
"SEV_SEP_6HR","89",89
"SEV_SEP_6HR","93",93
"SEV_SEP_6HR","95",95
"SEV_SEP_6HR","87",87
"SEV_SEP_6HR","97",97
"SEV_SEP_6HR","97",97
"SEV_SEP_6HR",NA,NA
"SEV_SEP_6HR","86",86
"SEV_SEP_6HR",NA,NA
"SEV_SEP_6HR",NA,NA
"SEV_SEP_6HR",NA,NA
"SEV_SEP_6HR","77",77
"SEV_SEP_6HR","91",91
"SEV_SEP_6HR",NA,NA
"SEV_SEP_6HR",NA,NA
"SEV_SEP_6HR","92",92
"SEV_SEP_6HR",NA,NA
"SEV_SEP_6HR",NA,NA
"SEV_SEP_6HR","94",94
"SEV_SEP_6HR","93",93
"SEV_SEP_6HR",NA,NA
"SEV_SEP_6HR","99",99
"SEV_SEP_6HR","93",93
"SEV_SEP_6HR",NA,NA
"SEV_SEP_6HR","100",100
"SEV_SEP_6HR","100",100
"SEV_SEP_6HR",NA,NA
"SEV_SEP_6HR",NA,NA
"SEV_SEP_6HR",NA,NA
"SEV_SEP_6HR",NA,NA
"SEV_SEP_6HR",NA,NA
"SEV_SEP_6HR","88",88
"SEV_SEP_6HR",NA,NA
"SEV_SEP_6HR","100",100
"SEV_SEP_6HR",NA,NA
"SEV_SEP_6HR",NA,NA
"SEV_SEP_6HR","86",86
"SEV_SEP_6HR",NA,NA
"SEV_SEP_6HR",NA,NA
"SEV_SEP_6HR","100",100
"SEV_SEP_6HR",NA,NA
"SEV_SEP_6HR","100",100
"SEV_SEP_6HR",NA,NA
"SEV_SEP_6HR","100",100
"SEV_SEP_6HR",NA,NA
"SEV_SEP_6HR",NA,NA
"SEV_SEP_6HR","91",91
"SEV_SEP_6HR",NA,NA
"SEV_SEP_6HR",NA,NA
"SEV_SEP_6HR","31",31
"SEV_SEP_6HR",NA,NA
"SEV_SEP_6HR",NA,NA
"SEV_SEP_6HR","73",73
"SEV_SEP_6HR",NA,NA
"SEV_SEP_6HR","90",90
"SEV_SEP_6HR",NA,NA
"SEV_SEP_6HR","100",100
"SEV_SEP_6HR","73",73
"SEV_SEP_6HR",NA,NA
"SEV_SEP_6HR",NA,NA
"SEV_SEP_6HR",NA,NA
"SEV_SEP_6HR",NA,NA
"SEV_SEP_6HR",NA,NA
"SEV_SEP_6HR",NA,NA
"SEV_SEP_6HR",NA,NA
"SEV_SEP_6HR",NA,NA
"SEV_SEP_6HR","95",95
"SEV_SEP_6HR","100",100
"SEV_SEP_6HR","88",88
"SEV_SEP_6HR","98",98
"SEV_SEP_6HR","80",80
"SEV_SEP_6HR","96",96
"SEV_SEP_6HR","66",66
"SEV_SEP_6HR","100",100
"SEV_SEP_6HR","83",83
"SEV_SEP_6HR","92",92
"SEV_SEP_6HR","96",96
"SEV_SEP_6HR","96",96
"SEV_SEP_6HR","88",88
"SEV_SEP_6HR","92",92
"SEV_SEP_6HR","90",90
"SEV_SEP_6HR","98",98
"SEV_SEP_6HR","80",80
"SEV_SEP_6HR","97",97
"SEV_SEP_6HR","97",97
"SEV_SEP_6HR","100",100
"SEV_SEP_6HR","96",96
"SEV_SEP_6HR","95",95
"SEV_SEP_6HR","98",98
"SEV_SEP_6HR","91",91
"SEV_SEP_6HR",NA,NA
"SEV_SEP_6HR","94",94
"SEV_SEP_6HR",NA,NA
"SEV_SEP_6HR","93",93
"SEV_SEP_6HR","90",90
"SEV_SEP_6HR","71",71
"SEV_SEP_6HR","73",73
"SEV_SEP_6HR","91",91
"SEV_SEP_6HR","91",91
"SEV_SEP_6HR",NA,NA
"SEV_SEP_6HR","88",88
"SEV_SEP_6HR","100",100
"SEV_SEP_6HR","88",88
"SEV_SEP_6HR","88",88
"SEV_SEP_6HR","84",84
"SEV_SEP_6HR",NA,NA
"SEV_SEP_6HR","79",79
"SEV_SEP_6HR",NA,NA
"SEV_SEP_6HR","96",96
"SEV_SEP_6HR",NA,NA
"SEV_SEP_6HR","94",94
"SEV_SEP_6HR",NA,NA
"SEV_SEP_6HR","97",97
"SEV_SEP_6HR","92",92
"SEV_SEP_6HR",NA,NA
"SEV_SEP_6HR",NA,NA
"SEV_SEP_6HR",NA,NA
"SEV_SEP_6HR","96",96
"SEV_SEP_6HR",NA,NA
"SEV_SEP_6HR",NA,NA
"SEV_SEP_6HR",NA,NA
"SEV_SEP_6HR","92",92
"SEV_SEP_6HR",NA,NA
"SEV_SEP_6HR",NA,NA
"SEV_SEP_6HR","93",93
"SEV_SEP_6HR",NA,NA
"SEV_SEP_6HR","98",98
"SEV_SEP_6HR",NA,NA
"SEV_SEP_6HR",NA,NA
"SEV_SEP_6HR",NA,NA
"SEV_SEP_6HR","100",100
"SEV_SEP_6HR","100",100
"SEV_SEP_6HR","94",94
"SEV_SEP_6HR","100",100
"SEV_SEP_6HR","97",97
"SEV_SEP_6HR","94",94
"SEV_SEP_6HR",NA,NA
"SEV_SEP_6HR",NA,NA
"SEV_SEP_6HR",NA,NA
"SEV_SEP_6HR",NA,NA
"SEV_SEP_6HR",NA,NA
"SEV_SEP_6HR",NA,NA
"SEV_SEP_6HR",NA,NA
"SEV_SEP_6HR",NA,NA
"SEV_SEP_6HR",NA,NA
"SEV_SEP_6HR",NA,NA
"SEV_SEP_6HR",NA,NA
"SEV_SEP_6HR",NA,NA
"SEV_SEP_6HR",NA,NA
"SEV_SEP_6HR",NA,NA
"SEV_SEP_6HR",NA,NA
"SEV_SEP_6HR",NA,NA
"SEV_SEP_6HR",NA,NA
"SEV_SEP_6HR",NA,NA
"SEV_SEP_6HR",NA,NA
"SEV_SEP_6HR",NA,NA
"SEV_SEP_6HR",NA,NA
"SEV_SEP_6HR",NA,NA
"SEV_SEP_6HR",NA,NA
"SEV_SEP_6HR",NA,NA
"SEV_SEP_6HR",NA,NA
"SEV_SEP_6HR",NA,NA
"SEV_SEP_6HR",NA,NA
"SEV_SEP_6HR",NA,NA
"SEV_SEP_6HR",NA,NA
"SEV_SEP_6HR",NA,NA
"SEV_SEP_6HR",NA,NA
"SEV_SEP_6HR",NA,NA
"SEV_SEP_6HR",NA,NA
"SEV_SEP_6HR",NA,NA
"SEV_SEP_6HR",NA,NA
"SEV_SEP_6HR",NA,NA
"SEV_SEP_6HR",NA,NA
"SEV_SEP_6HR",NA,NA
"SEV_SEP_6HR",NA,NA
"SEV_SEP_6HR",NA,NA
"SEV_SEP_6HR",NA,NA
"SEV_SEP_6HR",NA,NA
"SEV_SEP_6HR",NA,NA
"SEV_SEP_6HR",NA,NA
"SEV_SEP_6HR",NA,NA
"SEV_SEP_6HR",NA,NA
"SEV_SEP_6HR",NA,NA
"SEV_SEP_6HR","95",95
"SEV_SEP_6HR","91",91
"SEV_SEP_6HR","90",90
"SEV_SEP_6HR","80",80
"SEV_SEP_6HR","80",80
"SEV_SEP_6HR","83",83
"SEV_SEP_6HR","92",92
"SEV_SEP_6HR","68",68
"SEV_SEP_6HR","86",86
"SEV_SEP_6HR","97",97
"SEV_SEP_6HR","97",97
"SEV_SEP_6HR","96",96
"SEV_SEP_6HR","65",65
"SEV_SEP_6HR","98",98
"SEV_SEP_6HR","90",90
"SEV_SEP_6HR","79",79
"SEV_SEP_6HR","92",92
"SEV_SEP_6HR","91",91
"SEV_SEP_6HR","93",93
"SEV_SEP_6HR","96",96
"SEV_SEP_6HR","90",90
"SEV_SEP_6HR","93",93
"SEV_SEP_6HR","97",97
"SEV_SEP_6HR","83",83
"SEV_SEP_6HR","77",77
"SEV_SEP_6HR","87",87
"SEV_SEP_6HR","85",85
"SEV_SEP_6HR","77",77
"SEV_SEP_6HR","99",99
"SEV_SEP_6HR","92",92
"SEV_SEP_6HR","90",90
"SEV_SEP_6HR","89",89
"SEV_SEP_6HR",NA,NA
"SEV_SEP_6HR","95",95
"SEV_SEP_6HR","81",81
"SEV_SEP_6HR",NA,NA
"SEV_SEP_6HR",NA,NA
"SEV_SEP_6HR",NA,NA
"SEV_SEP_6HR",NA,NA
"SEV_SEP_6HR",NA,NA
"SEV_SEP_6HR",NA,NA
"SEV_SEP_6HR",NA,NA
"SEV_SEP_6HR",NA,NA
"SEV_SEP_6HR",NA,NA
"SEV_SEP_6HR","100",100
"SEV_SEP_6HR","97",97
"SEV_SEP_6HR",NA,NA
"SEV_SEP_6HR","91",91
"SEV_SEP_6HR",NA,NA
"SEV_SEP_6HR","69",69
"SEV_SEP_6HR","98",98
"SEV_SEP_6HR",NA,NA
"SEV_SEP_6HR","95",95
"SEV_SEP_6HR","78",78
"SEV_SEP_6HR","99",99
"SEV_SEP_6HR","90",90
"SEV_SEP_6HR","93",93
"SEV_SEP_6HR",NA,NA
"SEV_SEP_6HR","90",90
"SEV_SEP_6HR","90",90
"SEV_SEP_6HR","90",90
"SEV_SEP_6HR","93",93
"SEV_SEP_6HR","93",93
"SEV_SEP_6HR","96",96
"SEV_SEP_6HR","100",100
"SEV_SEP_6HR","93",93
"SEV_SEP_6HR","83",83
"SEV_SEP_6HR",NA,NA
"SEV_SEP_6HR","83",83
"SEV_SEP_6HR","84",84
"SEV_SEP_6HR","91",91
"SEV_SEP_6HR","80",80
"SEV_SEP_6HR","91",91
"SEV_SEP_6HR","100",100
"SEV_SEP_6HR","96",96
"SEV_SEP_6HR","83",83
"SEV_SEP_6HR","81",81
"SEV_SEP_6HR","93",93
"SEV_SEP_6HR","96",96
"SEV_SEP_6HR","94",94
"SEV_SEP_6HR","89",89
"SEV_SEP_6HR","98",98
"SEV_SEP_6HR","95",95
"SEV_SEP_6HR","99",99
"SEV_SEP_6HR","90",90
"SEV_SEP_6HR","97",97
"SEV_SEP_6HR","92",92
"SEV_SEP_6HR","90",90
"SEV_SEP_6HR","100",100
"SEV_SEP_6HR","88",88
"SEV_SEP_6HR","97",97
"SEV_SEP_6HR","98",98
"SEV_SEP_6HR","96",96
"SEV_SEP_6HR","96",96
"SEV_SEP_6HR","91",91
"SEV_SEP_6HR","86",86
"SEV_SEP_6HR","98",98
"SEV_SEP_6HR","97",97
"SEV_SEP_6HR","100",100
"SEV_SEP_6HR","96",96
"SEV_SEP_6HR","97",97
"SEV_SEP_6HR","96",96
"SEV_SEP_6HR","73",73
"SEV_SEP_6HR","94",94
"SEV_SEP_6HR","94",94
"SEV_SEP_6HR","80",80
"SEV_SEP_6HR",NA,NA
"SEV_SEP_6HR","93",93
"SEV_SEP_6HR","89",89
"SEV_SEP_6HR","91",91
"SEV_SEP_6HR",NA,NA
"SEV_SEP_6HR","97",97
"SEV_SEP_6HR","93",93
"SEV_SEP_6HR","83",83
"SEV_SEP_6HR","91",91
"SEV_SEP_6HR","84",84
"SEV_SEP_6HR","86",86
"SEV_SEP_6HR","96",96
"SEV_SEP_6HR","84",84
"SEV_SEP_6HR","87",87
"SEV_SEP_6HR","90",90
"SEV_SEP_6HR","98",98
"SEV_SEP_6HR","96",96
"SEV_SEP_6HR","82",82
"SEV_SEP_6HR","86",86
"SEV_SEP_6HR","95",95
"SEV_SEP_6HR","96",96
"SEV_SEP_6HR",NA,NA
"SEV_SEP_6HR","98",98
"SEV_SEP_6HR","97",97
"SEV_SEP_6HR","87",87
"SEV_SEP_6HR","95",95
"SEV_SEP_6HR","98",98
"SEV_SEP_6HR","93",93
"SEV_SEP_6HR","86",86
"SEV_SEP_6HR","93",93
"SEV_SEP_6HR","94",94
"SEV_SEP_6HR","100",100
"SEV_SEP_6HR","63",63
"SEV_SEP_6HR","90",90
"SEV_SEP_6HR","91",91
"SEV_SEP_6HR","100",100
"SEV_SEP_6HR",NA,NA
"SEV_SEP_6HR","89",89
"SEV_SEP_6HR","97",97
"SEV_SEP_6HR","100",100
"SEV_SEP_6HR","91",91
"SEV_SEP_6HR","86",86
"SEV_SEP_6HR","82",82
"SEV_SEP_6HR","96",96
"SEV_SEP_6HR","84",84
"SEV_SEP_6HR","88",88
"SEV_SEP_6HR","85",85
"SEV_SEP_6HR","93",93
"SEV_SEP_6HR","92",92
"SEV_SEP_6HR","96",96
"SEV_SEP_6HR","84",84
"SEV_SEP_6HR","92",92
"SEV_SEP_6HR","82",82
"SEV_SEP_6HR","95",95
"SEV_SEP_6HR","79",79
"SEV_SEP_6HR","92",92
"SEV_SEP_6HR","91",91
"SEV_SEP_6HR","96",96
"SEV_SEP_6HR","96",96
"SEV_SEP_6HR","100",100
"SEV_SEP_6HR","98",98
"SEV_SEP_6HR","93",93
"SEV_SEP_6HR",NA,NA
"SEV_SEP_6HR",NA,NA
"SEV_SEP_6HR","89",89
"SEV_SEP_6HR",NA,NA
"SEV_SEP_6HR",NA,NA
"SEV_SEP_6HR",NA,NA
"SEV_SEP_6HR",NA,NA
"SEV_SEP_6HR",NA,NA
"SEV_SEP_6HR",NA,NA
"SEV_SEP_6HR","100",100
"SEV_SEP_6HR",NA,NA
"SEV_SEP_6HR","88",88
"SEV_SEP_6HR","99",99
"SEV_SEP_6HR","98",98
"SEV_SEP_6HR",NA,NA
"SEV_SEP_6HR","96",96
"SEV_SEP_6HR","93",93
"SEV_SEP_6HR","92",92
"SEV_SEP_6HR","98",98
"SEV_SEP_6HR","92",92
"SEV_SEP_6HR","100",100
"SEV_SEP_6HR","71",71
"SEV_SEP_6HR","93",93
"SEV_SEP_6HR",NA,NA
"SEV_SEP_6HR","97",97
"SEV_SEP_6HR","100",100
"SEV_SEP_6HR",NA,NA
"SEV_SEP_6HR",NA,NA
"SEV_SEP_6HR",NA,NA
"SEV_SEP_6HR","95",95
"SEV_SEP_6HR",NA,NA
"SEV_SEP_6HR",NA,NA
"SEV_SEP_6HR","100",100
"SEV_SEP_6HR",NA,NA
"SEV_SEP_6HR","77",77
"SEV_SEP_6HR","91",91
"SEV_SEP_6HR","95",95
"SEV_SEP_6HR","100",100
"SEV_SEP_6HR","88",88
"SEV_SEP_6HR",NA,NA
"SEV_SEP_6HR",NA,NA
"SEV_SEP_6HR",NA,NA
"SEV_SEP_6HR",NA,NA
"SEV_SEP_6HR",NA,NA
"SEV_SEP_6HR",NA,NA
"SEV_SEP_6HR",NA,NA
"SEV_SEP_6HR",NA,NA
"SEV_SEP_6HR",NA,NA
"SEV_SEP_6HR",NA,NA
"SEV_SEP_6HR",NA,NA
"SEV_SEP_6HR",NA,NA
"SEV_SEP_6HR",NA,NA
"SEV_SEP_6HR",NA,NA
"SEV_SEP_6HR",NA,NA
"SEV_SEP_6HR",NA,NA
"SEV_SEP_6HR",NA,NA
"SEV_SEP_6HR",NA,NA
"SEV_SEP_6HR",NA,NA
"SEV_SEP_6HR",NA,NA
"SEV_SEP_6HR","5",5
"SEV_SEP_6HR",NA,NA
"SEV_SEP_6HR",NA,NA
"SEV_SEP_6HR",NA,NA
"SEV_SEP_6HR",NA,NA
"SEV_SEP_6HR",NA,NA
"SEV_SEP_6HR",NA,NA
"SEV_SEP_6HR",NA,NA
"SEV_SEP_6HR","17",17
"SEV_SEP_6HR",NA,NA
"SEV_SEP_6HR",NA,NA
"SEV_SEP_6HR","9",9
"SEV_SEP_6HR",NA,NA
"SEV_SEP_6HR",NA,NA
"SEV_SEP_6HR",NA,NA
"SEV_SEP_6HR",NA,NA
"SEV_SEP_6HR",NA,NA
"SEV_SEP_6HR",NA,NA
"SEV_SEP_6HR","44",44
"SEV_SEP_6HR",NA,NA
"SEV_SEP_6HR","87",87
"SEV_SEP_6HR",NA,NA
"SEV_SEP_6HR",NA,NA
"SEV_SEP_6HR",NA,NA
"SEV_SEP_6HR",NA,NA
"SEV_SEP_6HR",NA,NA
"SEV_SEP_6HR",NA,NA
"SEV_SEP_6HR",NA,NA
"SEV_SEP_6HR",NA,NA
"SEV_SEP_6HR",NA,NA
"SEV_SEP_6HR",NA,NA
"SEV_SEP_6HR",NA,NA
"SEV_SEP_6HR",NA,NA
"SEV_SEP_6HR",NA,NA
"SEV_SEP_6HR",NA,NA
"SEV_SEP_6HR",NA,NA
"SEV_SEP_6HR",NA,NA
"SEV_SEP_6HR",NA,NA
"SEV_SEP_6HR",NA,NA
"SEV_SEP_6HR",NA,NA
"SEV_SEP_6HR",NA,NA
"SEV_SEP_6HR","87",87
"SEV_SEP_6HR","91",91
"SEV_SEP_6HR","99",99
"SEV_SEP_6HR","94",94
"SEV_SEP_6HR","94",94
"SEV_SEP_6HR","99",99
"SEV_SEP_6HR",NA,NA
"SEV_SEP_6HR","91",91
"SEV_SEP_6HR","96",96
"SEV_SEP_6HR","97",97
"SEV_SEP_6HR","84",84
"SEV_SEP_6HR","89",89
"SEV_SEP_6HR","94",94
"SEV_SEP_6HR","94",94
"SEV_SEP_6HR","96",96
"SEV_SEP_6HR","99",99
"SEV_SEP_6HR","100",100
"SEV_SEP_6HR","99",99
"SEV_SEP_6HR","96",96
"SEV_SEP_6HR","88",88
"SEV_SEP_6HR","78",78
"SEV_SEP_6HR","95",95
"SEV_SEP_6HR","92",92
"SEV_SEP_6HR","93",93
"SEV_SEP_6HR","99",99
"SEV_SEP_6HR","100",100
"SEV_SEP_6HR","96",96
"SEV_SEP_6HR","97",97
"SEV_SEP_6HR","100",100
"SEV_SEP_6HR","95",95
"SEV_SEP_6HR","95",95
"SEV_SEP_6HR","95",95
"SEV_SEP_6HR","88",88
"SEV_SEP_6HR","100",100
"SEV_SEP_6HR","97",97
"SEV_SEP_6HR","93",93
"SEV_SEP_6HR","97",97
"SEV_SEP_6HR","93",93
"SEV_SEP_6HR","90",90
"SEV_SEP_6HR","75",75
"SEV_SEP_6HR","90",90
"SEV_SEP_6HR","99",99
"SEV_SEP_6HR","98",98
"SEV_SEP_6HR","90",90
"SEV_SEP_6HR","90",90
"SEV_SEP_6HR","95",95
"SEV_SEP_6HR","100",100
"SEV_SEP_6HR","86",86
"SEV_SEP_6HR","98",98
"SEV_SEP_6HR","91",91
"SEV_SEP_6HR","95",95
"SEV_SEP_6HR",NA,NA
"SEV_SEP_6HR","94",94
"SEV_SEP_6HR",NA,NA
"SEV_SEP_6HR","95",95
"SEV_SEP_6HR","100",100
"SEV_SEP_6HR","91",91
"SEV_SEP_6HR","98",98
"SEV_SEP_6HR","93",93
"SEV_SEP_6HR",NA,NA
"SEV_SEP_6HR","89",89
"SEV_SEP_6HR","96",96
"SEV_SEP_6HR",NA,NA
"SEV_SEP_6HR","90",90
"SEV_SEP_6HR",NA,NA
"SEV_SEP_6HR",NA,NA
"SEV_SEP_6HR","98",98
"SEV_SEP_6HR","97",97
"SEV_SEP_6HR","99",99
"SEV_SEP_6HR","97",97
"SEV_SEP_6HR","98",98
"SEV_SEP_6HR","96",96
"SEV_SEP_6HR","94",94
"SEV_SEP_6HR","95",95
"SEV_SEP_6HR","98",98
"SEV_SEP_6HR",NA,NA
"SEV_SEP_6HR",NA,NA
"SEV_SEP_6HR",NA,NA
"SEV_SEP_6HR",NA,NA
"SEV_SEP_6HR",NA,NA
"SEV_SEP_6HR",NA,NA
"SEV_SEP_6HR","94",94
"SEV_SEP_6HR",NA,NA
"SEV_SEP_6HR",NA,NA
"SEV_SEP_6HR","93",93
"SEV_SEP_6HR",NA,NA
"SEV_SEP_6HR",NA,NA
"SEV_SEP_6HR",NA,NA
"SEV_SEP_6HR",NA,NA
"SEV_SEP_6HR",NA,NA
"SEV_SEP_6HR",NA,NA
"SEV_SEP_6HR",NA,NA
"SEV_SEP_6HR",NA,NA
"SEV_SEP_6HR",NA,NA
"SEV_SEP_6HR",NA,NA
"SEV_SEP_6HR",NA,NA
"SEV_SEP_6HR",NA,NA
"SEV_SEP_6HR",NA,NA
"SEV_SEP_6HR",NA,NA
"SEV_SEP_6HR",NA,NA
"SEV_SEP_6HR",NA,NA
"SEV_SEP_6HR",NA,NA
"SEV_SEP_6HR",NA,NA
"SEV_SEP_6HR",NA,NA
"SEV_SEP_6HR",NA,NA
"SEV_SEP_6HR","83",83
"SEV_SEP_6HR",NA,NA
"SEV_SEP_6HR",NA,NA
"SEV_SEP_6HR",NA,NA
"SEV_SEP_6HR",NA,NA
"SEV_SEP_6HR",NA,NA
"SEV_SEP_6HR",NA,NA
"SEV_SEP_6HR",NA,NA
"SEV_SEP_6HR",NA,NA
"SEV_SEP_6HR",NA,NA
"SEV_SEP_6HR",NA,NA
"SEV_SEP_6HR",NA,NA
"SEV_SEP_6HR","78",78
"SEV_SEP_6HR",NA,NA
"SEV_SEP_6HR",NA,NA
"SEV_SEP_6HR",NA,NA
"SEV_SEP_6HR",NA,NA
"SEV_SEP_6HR","100",100
"SEV_SEP_6HR",NA,NA
"SEV_SEP_6HR",NA,NA
"SEV_SEP_6HR","100",100
"SEV_SEP_6HR","88",88
"SEV_SEP_6HR","86",86
"SEV_SEP_6HR","89",89
"SEV_SEP_6HR",NA,NA
"SEV_SEP_6HR",NA,NA
"SEV_SEP_6HR","86",86
"SEV_SEP_6HR","97",97
"SEV_SEP_6HR","94",94
"SEV_SEP_6HR","85",85
"SEV_SEP_6HR","92",92
"SEV_SEP_6HR","81",81
"SEV_SEP_6HR","100",100
"SEV_SEP_6HR","98",98
"SEV_SEP_6HR","98",98
"SEV_SEP_6HR","97",97
"SEV_SEP_6HR","95",95
"SEV_SEP_6HR","100",100
"SEV_SEP_6HR","94",94
"SEV_SEP_6HR","94",94
"SEV_SEP_6HR","82",82
"SEV_SEP_6HR","84",84
"SEV_SEP_6HR","96",96
"SEV_SEP_6HR","94",94
"SEV_SEP_6HR","84",84
"SEV_SEP_6HR","97",97
"SEV_SEP_6HR","69",69
"SEV_SEP_6HR","94",94
"SEV_SEP_6HR","97",97
"SEV_SEP_6HR","81",81
"SEV_SEP_6HR","93",93
"SEV_SEP_6HR","76",76
"SEV_SEP_6HR","97",97
"SEV_SEP_6HR","92",92
"SEV_SEP_6HR","95",95
"SEV_SEP_6HR","93",93
"SEV_SEP_6HR","100",100
"SEV_SEP_6HR","100",100
"SEV_SEP_6HR","98",98
"SEV_SEP_6HR","100",100
"SEV_SEP_6HR","85",85
"SEV_SEP_6HR","82",82
"SEV_SEP_6HR","91",91
"SEV_SEP_6HR","88",88
"SEV_SEP_6HR","90",90
"SEV_SEP_6HR","95",95
"SEV_SEP_6HR","84",84
"SEV_SEP_6HR","90",90
"SEV_SEP_6HR","91",91
"SEV_SEP_6HR","95",95
"SEV_SEP_6HR","94",94
"SEV_SEP_6HR","99",99
"SEV_SEP_6HR","97",97
"SEV_SEP_6HR","92",92
"SEV_SEP_6HR",NA,NA
"SEV_SEP_6HR","94",94
"SEV_SEP_6HR","92",92
"SEV_SEP_6HR","81",81
"SEV_SEP_6HR","100",100
"SEV_SEP_6HR","90",90
"SEV_SEP_6HR",NA,NA
"SEV_SEP_6HR","89",89
"SEV_SEP_6HR","92",92
"SEV_SEP_6HR","93",93
"SEV_SEP_6HR","98",98
"SEV_SEP_6HR","64",64
"SEV_SEP_6HR","93",93
"SEV_SEP_6HR","80",80
"SEV_SEP_6HR","100",100
"SEV_SEP_6HR",NA,NA
"SEV_SEP_6HR","88",88
"SEV_SEP_6HR","95",95
"SEV_SEP_6HR","95",95
"SEV_SEP_6HR",NA,NA
"SEV_SEP_6HR",NA,NA
"SEV_SEP_6HR","100",100
"SEV_SEP_6HR","89",89
"SEV_SEP_6HR",NA,NA
"SEV_SEP_6HR",NA,NA
"SEV_SEP_6HR",NA,NA
"SEV_SEP_6HR",NA,NA
"SEV_SEP_6HR",NA,NA
"SEV_SEP_6HR",NA,NA
"SEV_SEP_6HR",NA,NA
"SEV_SEP_6HR",NA,NA
"SEV_SEP_6HR","100",100
"SEV_SEP_6HR",NA,NA
"SEV_SEP_6HR",NA,NA
"SEV_SEP_6HR","100",100
"SEV_SEP_6HR",NA,NA
"SEV_SEP_6HR",NA,NA
"SEV_SEP_6HR",NA,NA
"SEV_SEP_6HR",NA,NA
"SEV_SEP_6HR",NA,NA
"SEV_SEP_6HR",NA,NA
"SEV_SEP_6HR",NA,NA
"SEV_SEP_6HR","90",90
"SEV_SEP_6HR","96",96
"SEV_SEP_6HR","92",92
"SEV_SEP_6HR","97",97
"SEV_SEP_6HR","89",89
"SEV_SEP_6HR","69",69
"SEV_SEP_6HR","84",84
"SEV_SEP_6HR","98",98
"SEV_SEP_6HR","89",89
"SEV_SEP_6HR","96",96
"SEV_SEP_6HR","92",92
"SEV_SEP_6HR","100",100
"SEV_SEP_6HR","92",92
"SEV_SEP_6HR","92",92
"SEV_SEP_6HR","87",87
"SEV_SEP_6HR","93",93
"SEV_SEP_6HR","86",86
"SEV_SEP_6HR","62",62
"SEV_SEP_6HR","83",83
"SEV_SEP_6HR","92",92
"SEV_SEP_6HR","98",98
"SEV_SEP_6HR","99",99
"SEV_SEP_6HR","92",92
"SEV_SEP_6HR",NA,NA
"SEV_SEP_6HR","94",94
"SEV_SEP_6HR","87",87
"SEV_SEP_6HR","87",87
"SEV_SEP_6HR","88",88
"SEV_SEP_6HR","97",97
"SEV_SEP_6HR","79",79
"SEV_SEP_6HR","100",100
"SEV_SEP_6HR","96",96
"SEV_SEP_6HR","99",99
"SEV_SEP_6HR","93",93
"SEV_SEP_6HR","82",82
"SEV_SEP_6HR","97",97
"SEV_SEP_6HR","90",90
"SEV_SEP_6HR","97",97
"SEV_SEP_6HR","100",100
"SEV_SEP_6HR","96",96
"SEV_SEP_6HR",NA,NA
"SEV_SEP_6HR","94",94
"SEV_SEP_6HR","77",77
"SEV_SEP_6HR","99",99
"SEV_SEP_6HR","93",93
"SEV_SEP_6HR","93",93
"SEV_SEP_6HR","85",85
"SEV_SEP_6HR","94",94
"SEV_SEP_6HR",NA,NA
"SEV_SEP_6HR",NA,NA
"SEV_SEP_6HR","94",94
"SEV_SEP_6HR","97",97
"SEV_SEP_6HR","80",80
"SEV_SEP_6HR","95",95
"SEV_SEP_6HR",NA,NA
"SEV_SEP_6HR",NA,NA
"SEV_SEP_6HR","95",95
"SEV_SEP_6HR","95",95
"SEV_SEP_6HR","88",88
"SEV_SEP_6HR","80",80
"SEV_SEP_6HR","91",91
"SEV_SEP_6HR","100",100
"SEV_SEP_6HR","96",96
"SEV_SEP_6HR",NA,NA
"SEV_SEP_6HR","96",96
"SEV_SEP_6HR","93",93
"SEV_SEP_6HR","100",100
"SEV_SEP_6HR","93",93
"SEV_SEP_6HR","90",90
"SEV_SEP_6HR","99",99
"SEV_SEP_6HR","93",93
"SEV_SEP_6HR","94",94
"SEV_SEP_6HR",NA,NA
"SEV_SEP_6HR","98",98
"SEV_SEP_6HR","96",96
"SEV_SEP_6HR",NA,NA
"SEV_SEP_6HR",NA,NA
"SEV_SEP_6HR",NA,NA
"SEV_SEP_6HR","98",98
"SEV_SEP_6HR","86",86
"SEV_SEP_6HR","94",94
"SEV_SEP_6HR","97",97
"SEV_SEP_6HR","95",95
"SEV_SEP_6HR","90",90
"SEV_SEP_6HR","100",100
"SEV_SEP_6HR","99",99
"SEV_SEP_6HR","81",81
"SEV_SEP_6HR","78",78
"SEV_SEP_6HR",NA,NA
"SEV_SEP_6HR","53",53
"SEV_SEP_6HR","98",98
"SEV_SEP_6HR","94",94
"SEV_SEP_6HR","92",92
"SEV_SEP_6HR","98",98
"SEV_SEP_6HR","95",95
"SEV_SEP_6HR",NA,NA
"SEV_SEP_6HR","93",93
"SEV_SEP_6HR","91",91
"SEV_SEP_6HR",NA,NA
"SEV_SEP_6HR","100",100
"SEV_SEP_6HR",NA,NA
"SEV_SEP_6HR","93",93
"SEV_SEP_6HR","99",99
"SEV_SEP_6HR","95",95
"SEV_SEP_6HR","67",67
"SEV_SEP_6HR",NA,NA
"SEV_SEP_6HR","93",93
"SEV_SEP_6HR","100",100
"SEV_SEP_6HR","87",87
"SEV_SEP_6HR","100",100
"SEV_SEP_6HR","59",59
"SEV_SEP_6HR",NA,NA
"SEV_SEP_6HR",NA,NA
"SEV_SEP_6HR","97",97
"SEV_SEP_6HR","79",79
"SEV_SEP_6HR","99",99
"SEV_SEP_6HR","89",89
"SEV_SEP_6HR","96",96
"SEV_SEP_6HR","94",94
"SEV_SEP_6HR","96",96
"SEV_SEP_6HR","100",100
"SEV_SEP_6HR","100",100
"SEV_SEP_6HR","85",85
"SEV_SEP_6HR","89",89
"SEV_SEP_6HR","96",96
"SEV_SEP_6HR","97",97
"SEV_SEP_6HR","91",91
"SEV_SEP_6HR","92",92
"SEV_SEP_6HR","88",88
"SEV_SEP_6HR","99",99
"SEV_SEP_6HR","96",96
"SEV_SEP_6HR","71",71
"SEV_SEP_6HR","98",98
"SEV_SEP_6HR","90",90
"SEV_SEP_6HR","89",89
"SEV_SEP_6HR","84",84
"SEV_SEP_6HR","92",92
"SEV_SEP_6HR","84",84
"SEV_SEP_6HR","96",96
"SEV_SEP_6HR",NA,NA
"SEV_SEP_6HR","96",96
"SEV_SEP_6HR","100",100
"SEV_SEP_6HR","94",94
"SEV_SEP_6HR","87",87
"SEV_SEP_6HR","100",100
"SEV_SEP_6HR","100",100
"SEV_SEP_6HR","98",98
"SEV_SEP_6HR","98",98
"SEV_SEP_6HR","97",97
"SEV_SEP_6HR","99",99
"SEV_SEP_6HR","81",81
"SEV_SEP_6HR","82",82
"SEV_SEP_6HR","94",94
"SEV_SEP_6HR","94",94
"SEV_SEP_6HR",NA,NA
"SEV_SEP_6HR","100",100
"SEV_SEP_6HR","97",97
"SEV_SEP_6HR",NA,NA
"SEV_SEP_6HR",NA,NA
"SEV_SEP_6HR","49",49
"SEV_SEP_6HR","95",95
"SEV_SEP_6HR",NA,NA
"SEV_SEP_6HR","99",99
"SEV_SEP_6HR","94",94
"SEV_SEP_6HR","99",99
"SEV_SEP_6HR","95",95
"SEV_SEP_6HR","71",71
"SEV_SEP_6HR","97",97
"SEV_SEP_6HR","96",96
"SEV_SEP_6HR","91",91
"SEV_SEP_6HR",NA,NA
"SEV_SEP_6HR","94",94
"SEV_SEP_6HR",NA,NA
"SEV_SEP_6HR","93",93
"SEV_SEP_6HR","96",96
"SEV_SEP_6HR","96",96
"SEV_SEP_6HR","97",97
"SEV_SEP_6HR",NA,NA
"SEV_SEP_6HR",NA,NA
"SEV_SEP_6HR","95",95
"SEV_SEP_6HR","91",91
"SEV_SEP_6HR","96",96
"SEV_SEP_6HR",NA,NA
"SEV_SEP_6HR","86",86
"SEV_SEP_6HR","98",98
"SEV_SEP_6HR",NA,NA
"SEV_SEP_6HR","67",67
"SEV_SEP_6HR",NA,NA
"SEV_SEP_6HR","96",96
"SEV_SEP_6HR","94",94
"SEV_SEP_6HR","90",90
"SEV_SEP_6HR","91",91
"SEV_SEP_6HR",NA,NA
"SEV_SEP_6HR",NA,NA
"SEV_SEP_6HR","97",97
"SEV_SEP_6HR",NA,NA
"SEV_SEP_6HR",NA,NA
"SEV_SEP_6HR","93",93
"SEV_SEP_6HR",NA,NA
"SEV_SEP_6HR",NA,NA
"SEV_SEP_6HR",NA,NA
"SEV_SEP_6HR","98",98
"SEV_SEP_6HR","87",87
"SEV_SEP_6HR",NA,NA
"SEV_SEP_6HR",NA,NA
"SEV_SEP_6HR","100",100
"SEV_SEP_6HR",NA,NA
"SEV_SEP_6HR",NA,NA
"SEV_SEP_6HR","95",95
"SEV_SEP_6HR",NA,NA
"SEV_SEP_6HR",NA,NA
"SEV_SEP_6HR","93",93
"SEV_SEP_6HR",NA,NA
"SEV_SEP_6HR","100",100
"SEV_SEP_6HR",NA,NA
"SEV_SEP_6HR",NA,NA
"SEV_SEP_6HR",NA,NA
"SEV_SEP_6HR",NA,NA
"SEV_SEP_6HR",NA,NA
"SEV_SEP_6HR",NA,NA
"SEV_SEP_6HR",NA,NA
"SEV_SEP_6HR",NA,NA
"SEV_SEP_6HR",NA,NA
"SEV_SEP_6HR",NA,NA
"SEV_SEP_6HR",NA,NA
"SEV_SEP_6HR",NA,NA
"SEV_SEP_6HR",NA,NA
"SEV_SEP_6HR",NA,NA
"SEV_SEP_6HR",NA,NA
"SEV_SEP_6HR",NA,NA
"SEV_SEP_6HR",NA,NA
"SEV_SEP_6HR",NA,NA
"SEV_SEP_6HR","93",93
"SEV_SEP_6HR",NA,NA
"SEV_SEP_6HR",NA,NA
"SEV_SEP_6HR",NA,NA
"SEV_SEP_6HR",NA,NA
"SEV_SEP_6HR",NA,NA
"SEV_SEP_6HR",NA,NA
"SEV_SEP_6HR",NA,NA
"SEV_SEP_6HR",NA,NA
"SEV_SEP_6HR",NA,NA
"SEV_SEP_6HR",NA,NA
"SEV_SEP_6HR",NA,NA
"SEV_SEP_6HR",NA,NA
"SEV_SEP_6HR",NA,NA
"SEV_SEP_6HR",NA,NA
"SEV_SEP_6HR",NA,NA
"SEV_SEP_6HR",NA,NA
"SEV_SEP_6HR",NA,NA
"SEV_SEP_6HR",NA,NA
"SEV_SEP_6HR",NA,NA
"SEV_SEP_6HR",NA,NA
"SEV_SEP_6HR",NA,NA
"SEV_SEP_6HR","92",92
"SEV_SEP_6HR",NA,NA
"SEV_SEP_6HR",NA,NA
"SEV_SEP_6HR",NA,NA
"SEV_SEP_6HR",NA,NA
"SEV_SEP_6HR",NA,NA
"SEV_SEP_6HR",NA,NA
"SEV_SEP_6HR",NA,NA
"SEV_SEP_6HR",NA,NA
"SEV_SEP_6HR",NA,NA
"SEV_SEP_6HR",NA,NA
"SEV_SEP_6HR",NA,NA
"SEV_SEP_6HR",NA,NA
"SEV_SEP_6HR",NA,NA
"SEV_SEP_6HR",NA,NA
"SEV_SEP_6HR",NA,NA
"SEV_SEP_6HR",NA,NA
"SEV_SEP_6HR",NA,NA
"SEV_SEP_6HR",NA,NA
"SEV_SEP_6HR","100",100
"SEV_SEP_6HR",NA,NA
"SEV_SEP_6HR",NA,NA
"SEV_SEP_6HR",NA,NA
"SEV_SEP_6HR",NA,NA
"SEV_SEP_6HR",NA,NA
"SEV_SEP_6HR",NA,NA
"SEV_SEP_6HR",NA,NA
"SEV_SEP_6HR",NA,NA
"SEV_SEP_6HR",NA,NA
"SEV_SEP_6HR","93",93
"SEV_SEP_6HR",NA,NA
"SEV_SEP_6HR",NA,NA
"SEV_SEP_6HR",NA,NA
"SEV_SEP_6HR",NA,NA
"SEV_SEP_6HR",NA,NA
"SEV_SEP_6HR",NA,NA
"SEV_SEP_6HR",NA,NA
"SEV_SEP_6HR","100",100
"SEV_SEP_6HR",NA,NA
"SEV_SEP_6HR",NA,NA
"SEV_SEP_6HR","88",88
"SEV_SEP_6HR","92",92
"SEV_SEP_6HR",NA,NA
"SEV_SEP_6HR",NA,NA
"SEV_SEP_6HR",NA,NA
"SEV_SEP_6HR",NA,NA
"SEV_SEP_6HR",NA,NA
"SEV_SEP_6HR",NA,NA
"SEV_SEP_6HR",NA,NA
"SEV_SEP_6HR",NA,NA
"SEV_SEP_6HR",NA,NA
"SEV_SEP_6HR",NA,NA
"SEV_SEP_6HR",NA,NA
"SEV_SEP_6HR",NA,NA
"SEV_SEP_6HR",NA,NA
"SEV_SEP_6HR",NA,NA
"SEV_SEP_6HR",NA,NA
"SEV_SEP_6HR",NA,NA
"SEV_SEP_6HR",NA,NA
"SEV_SEP_6HR",NA,NA
"SEV_SEP_6HR",NA,NA
"SEV_SEP_6HR",NA,NA
"SEV_SEP_6HR",NA,NA
"SEV_SEP_6HR",NA,NA
"SEV_SEP_6HR",NA,NA
"SEV_SEP_6HR","94",94
"SEV_SEP_6HR","93",93
"SEV_SEP_6HR","92",92
"SEV_SEP_6HR","96",96
"SEV_SEP_6HR","93",93
"SEV_SEP_6HR","94",94
"SEV_SEP_6HR","73",73
"SEV_SEP_6HR","92",92
"SEV_SEP_6HR","80",80
"SEV_SEP_6HR","98",98
"SEV_SEP_6HR","90",90
"SEV_SEP_6HR","91",91
"SEV_SEP_6HR","97",97
"SEV_SEP_6HR","67",67
"SEV_SEP_6HR","95",95
"SEV_SEP_6HR","100",100
"SEV_SEP_6HR","93",93
"SEV_SEP_6HR","96",96
"SEV_SEP_6HR","95",95
"SEV_SEP_6HR","92",92
"SEV_SEP_6HR","100",100
"SEV_SEP_6HR",NA,NA
"SEV_SEP_6HR","88",88
"SEV_SEP_6HR","100",100
"SEV_SEP_6HR","81",81
"SEV_SEP_6HR","98",98
"SEV_SEP_6HR",NA,NA
"SEV_SEP_6HR","87",87
"SEV_SEP_6HR","89",89
"SEV_SEP_6HR","97",97
"SEV_SEP_6HR","93",93
"SEV_SEP_6HR","97",97
"SEV_SEP_6HR",NA,NA
"SEV_SEP_6HR","69",69
"SEV_SEP_6HR",NA,NA
"SEV_SEP_6HR","94",94
"SEV_SEP_6HR",NA,NA
"SEV_SEP_6HR",NA,NA
"SEV_SEP_6HR",NA,NA
"SEV_SEP_6HR","91",91
"SEV_SEP_6HR",NA,NA
"SEV_SEP_6HR",NA,NA
"SEV_SEP_6HR",NA,NA
"SEV_SEP_6HR","73",73
"SEV_SEP_6HR",NA,NA
"SEV_SEP_6HR",NA,NA
"SEV_SEP_6HR","91",91
"SEV_SEP_6HR","85",85
"SEV_SEP_6HR","96",96
"SEV_SEP_6HR","76",76
"SEV_SEP_6HR","89",89
"SEV_SEP_6HR","96",96
"SEV_SEP_6HR",NA,NA
"SEV_SEP_6HR",NA,NA
"SEV_SEP_6HR",NA,NA
"SEV_SEP_6HR",NA,NA
"SEV_SEP_6HR",NA,NA
"SEV_SEP_6HR",NA,NA
"SEV_SEP_6HR",NA,NA
"SEV_SEP_6HR",NA,NA
"SEV_SEP_6HR","58",58
"SEV_SEP_6HR",NA,NA
"SEV_SEP_6HR","100",100
"SEV_SEP_6HR","94",94
"SEV_SEP_6HR","77",77
"SEV_SEP_6HR","98",98
"SEV_SEP_6HR","59",59
"SEV_SEP_6HR","96",96
"SEV_SEP_6HR","90",90
"SEV_SEP_6HR","82",82
"SEV_SEP_6HR","88",88
"SEV_SEP_6HR",NA,NA
"SEV_SEP_6HR","94",94
"SEV_SEP_6HR","87",87
"SEV_SEP_6HR","91",91
"SEV_SEP_6HR","89",89
"SEV_SEP_6HR","77",77
"SEV_SEP_6HR","98",98
"SEV_SEP_6HR","96",96
"SEV_SEP_6HR","99",99
"SEV_SEP_6HR","97",97
"SEV_SEP_6HR","97",97
"SEV_SEP_6HR","87",87
"SEV_SEP_6HR","66",66
"SEV_SEP_6HR","99",99
"SEV_SEP_6HR","98",98
"SEV_SEP_6HR","70",70
"SEV_SEP_6HR","97",97
"SEV_SEP_6HR","97",97
"SEV_SEP_6HR","91",91
"SEV_SEP_6HR","92",92
"SEV_SEP_6HR","95",95
"SEV_SEP_6HR","98",98
"SEV_SEP_6HR","94",94
"SEV_SEP_6HR","95",95
"SEV_SEP_6HR","94",94
"SEV_SEP_6HR","98",98
"SEV_SEP_6HR","93",93
"SEV_SEP_6HR","96",96
"SEV_SEP_6HR","93",93
"SEV_SEP_6HR","97",97
"SEV_SEP_6HR","91",91
"SEV_SEP_6HR","90",90
"SEV_SEP_6HR","62",62
"SEV_SEP_6HR",NA,NA
"SEV_SEP_6HR","89",89
"SEV_SEP_6HR","89",89
"SEV_SEP_6HR","97",97
"SEV_SEP_6HR","100",100
"SEV_SEP_6HR","91",91
"SEV_SEP_6HR","95",95
"SEV_SEP_6HR","95",95
"SEV_SEP_6HR",NA,NA
"SEV_SEP_6HR","100",100
"SEV_SEP_6HR","96",96
"SEV_SEP_6HR","92",92
"SEV_SEP_6HR","95",95
"SEV_SEP_6HR","87",87
"SEV_SEP_6HR","98",98
"SEV_SEP_6HR","100",100
"SEV_SEP_6HR","100",100
"SEV_SEP_6HR","93",93
"SEV_SEP_6HR","93",93
"SEV_SEP_6HR","95",95
"SEV_SEP_6HR","86",86
"SEV_SEP_6HR","94",94
"SEV_SEP_6HR","100",100
"SEV_SEP_6HR","93",93
"SEV_SEP_6HR","94",94
"SEV_SEP_6HR","97",97
"SEV_SEP_6HR","98",98
"SEV_SEP_6HR","95",95
"SEV_SEP_6HR","89",89
"SEV_SEP_6HR","72",72
"SEV_SEP_6HR","99",99
"SEV_SEP_6HR",NA,NA
"SEV_SEP_6HR",NA,NA
"SEV_SEP_6HR",NA,NA
"SEV_SEP_6HR",NA,NA
"SEV_SEP_6HR",NA,NA
"SEV_SEP_6HR",NA,NA
"SEV_SEP_6HR","100",100
"SEV_SEP_6HR","94",94
"SEV_SEP_6HR",NA,NA
"SEV_SEP_6HR",NA,NA
"SEV_SEP_6HR","78",78
"SEV_SEP_6HR","72",72
"SEV_SEP_6HR","95",95
"SEV_SEP_6HR","98",98
"SEV_SEP_6HR","88",88
"SEV_SEP_6HR","89",89
"SEV_SEP_6HR","88",88
"SEV_SEP_6HR","81",81
"SEV_SEP_6HR","91",91
"SEV_SEP_6HR","89",89
"SEV_SEP_6HR","95",95
"SEV_SEP_6HR","98",98
"SEV_SEP_6HR","86",86
"SEV_SEP_6HR","83",83
"SEV_SEP_6HR","67",67
"SEV_SEP_6HR","92",92
"SEV_SEP_6HR","85",85
"SEV_SEP_6HR","94",94
"SEV_SEP_6HR","61",61
"SEV_SEP_6HR","71",71
"SEV_SEP_6HR","89",89
"SEV_SEP_6HR","93",93
"SEV_SEP_6HR","92",92
"SEV_SEP_6HR","78",78
"SEV_SEP_6HR","91",91
"SEV_SEP_6HR",NA,NA
"SEV_SEP_6HR","98",98
"SEV_SEP_6HR","92",92
"SEV_SEP_6HR","89",89
"SEV_SEP_6HR",NA,NA
"SEV_SEP_6HR","69",69
"SEV_SEP_6HR","79",79
"SEV_SEP_6HR","72",72
"SEV_SEP_6HR","89",89
"SEV_SEP_6HR","88",88
"SEV_SEP_6HR","74",74
"SEV_SEP_6HR","96",96
"SEV_SEP_6HR","91",91
"SEV_SEP_6HR","97",97
"SEV_SEP_6HR","87",87
"SEV_SEP_6HR","91",91
"SEV_SEP_6HR","87",87
"SEV_SEP_6HR","91",91
"SEV_SEP_6HR","78",78
"SEV_SEP_6HR","94",94
"SEV_SEP_6HR","67",67
"SEV_SEP_6HR","93",93
"SEV_SEP_6HR",NA,NA
"SEV_SEP_6HR",NA,NA
"SEV_SEP_6HR",NA,NA
"SEV_SEP_6HR",NA,NA
"SEV_SEP_6HR",NA,NA
"SEV_SEP_6HR",NA,NA
"SEV_SEP_6HR",NA,NA
"SEV_SEP_6HR",NA,NA
"SEV_SEP_6HR",NA,NA
"SEV_SEP_6HR",NA,NA
"SEV_SEP_6HR","81",81
"SEV_SEP_6HR",NA,NA
"SEV_SEP_6HR",NA,NA
"SEV_SEP_6HR",NA,NA
"SEV_SEP_6HR",NA,NA
"SEV_SEP_6HR",NA,NA
"SEV_SEP_6HR",NA,NA
"SEV_SEP_6HR",NA,NA
"SEV_SEP_6HR",NA,NA
"SEV_SEP_6HR","67",67
"SEV_SEP_6HR",NA,NA
"SEV_SEP_6HR",NA,NA
"SEV_SEP_6HR",NA,NA
"SEV_SEP_6HR",NA,NA
"SEV_SEP_6HR",NA,NA
"SEV_SEP_6HR","100",100
"SEV_SEP_6HR",NA,NA
"SEV_SEP_6HR","93",93
"SEV_SEP_6HR","86",86
"SEV_SEP_6HR",NA,NA
"SEV_SEP_6HR",NA,NA
"SEV_SEP_6HR","94",94
"SEV_SEP_6HR",NA,NA
"SEV_SEP_6HR","97",97
"SEV_SEP_6HR",NA,NA
"SEV_SEP_6HR",NA,NA
"SEV_SEP_6HR",NA,NA
"SEV_SEP_6HR",NA,NA
"SEV_SEP_6HR",NA,NA
"SEV_SEP_6HR",NA,NA
"SEV_SEP_6HR",NA,NA
"SEV_SEP_6HR",NA,NA
"SEV_SEP_6HR","83",83
"SEV_SEP_6HR","96",96
"SEV_SEP_6HR","100",100
"SEV_SEP_6HR","91",91
"SEV_SEP_6HR","88",88
"SEV_SEP_6HR","93",93
"SEV_SEP_6HR","99",99
"SEV_SEP_6HR","91",91
"SEV_SEP_6HR","63",63
"SEV_SEP_6HR","92",92
"SEV_SEP_6HR",NA,NA
"SEV_SEP_6HR","82",82
"SEV_SEP_6HR","96",96
"SEV_SEP_6HR","99",99
"SEV_SEP_6HR","95",95
"SEV_SEP_6HR","98",98
"SEV_SEP_6HR","91",91
"SEV_SEP_6HR","98",98
"SEV_SEP_6HR","90",90
"SEV_SEP_6HR","62",62
"SEV_SEP_6HR","100",100
"SEV_SEP_6HR",NA,NA
"SEV_SEP_6HR",NA,NA
"SEV_SEP_6HR",NA,NA
"SEV_SEP_6HR",NA,NA
"SEV_SEP_6HR",NA,NA
"SEV_SEP_6HR",NA,NA
"SEV_SEP_6HR",NA,NA
"SEV_SEP_6HR",NA,NA
"SEV_SEP_6HR",NA,NA
"SEV_SEP_6HR",NA,NA
"SEV_SEP_6HR",NA,NA
"SEV_SEP_6HR",NA,NA
"SEV_SEP_6HR",NA,NA
"SEV_SEP_6HR",NA,NA
"SEV_SEP_6HR","95",95
"SEV_SEP_6HR",NA,NA
"SEV_SEP_6HR",NA,NA
"SEV_SEP_6HR","100",100
"SEV_SEP_6HR",NA,NA
"SEV_SEP_6HR","89",89
"SEV_SEP_6HR",NA,NA
"SEV_SEP_6HR","91",91
"SEV_SEP_6HR",NA,NA
"SEV_SEP_6HR","91",91
"SEV_SEP_6HR","90",90
"SEV_SEP_6HR","98",98
"SEV_SEP_6HR","92",92
"SEV_SEP_6HR","92",92
"SEV_SEP_6HR","96",96
"SEV_SEP_6HR","99",99
"SEV_SEP_6HR","96",96
"SEV_SEP_6HR","86",86
"SEV_SEP_6HR","96",96
"SEV_SEP_6HR","93",93
"SEV_SEP_6HR","99",99
"SEV_SEP_6HR","98",98
"SEV_SEP_6HR","96",96
"SEV_SEP_6HR","92",92
"SEV_SEP_6HR","98",98
"SEV_SEP_6HR","95",95
"SEV_SEP_6HR","94",94
"SEV_SEP_6HR","98",98
"SEV_SEP_6HR","95",95
"SEV_SEP_6HR","96",96
"SEV_SEP_6HR","100",100
"SEV_SEP_6HR","97",97
"SEV_SEP_6HR","99",99
"SEV_SEP_6HR","83",83
"SEV_SEP_6HR","91",91
"SEV_SEP_6HR","97",97
"SEV_SEP_6HR","97",97
"SEV_SEP_6HR","91",91
"SEV_SEP_6HR","93",93
"SEV_SEP_6HR",NA,NA
"SEV_SEP_6HR","91",91
"SEV_SEP_6HR","92",92
"SEV_SEP_6HR","96",96
"SEV_SEP_6HR","87",87
"SEV_SEP_6HR","100",100
"SEV_SEP_6HR","100",100
"SEV_SEP_6HR","100",100
"SEV_SEP_6HR","88",88
"SEV_SEP_6HR","94",94
"SEV_SEP_6HR","88",88
"SEV_SEP_6HR","96",96
"SEV_SEP_6HR","95",95
"SEV_SEP_6HR","92",92
"SEV_SEP_6HR","88",88
"SEV_SEP_6HR","95",95
"SEV_SEP_6HR","91",91
"SEV_SEP_6HR","94",94
"SEV_SEP_6HR","96",96
"SEV_SEP_6HR","92",92
"SEV_SEP_6HR","96",96
"SEV_SEP_6HR","88",88
"SEV_SEP_6HR","94",94
"SEV_SEP_6HR","97",97
"SEV_SEP_6HR",NA,NA
"SEV_SEP_6HR",NA,NA
"SEV_SEP_6HR","93",93
"SEV_SEP_6HR","94",94
"SEV_SEP_6HR",NA,NA
"SEV_SEP_6HR","91",91
"SEV_SEP_6HR","94",94
"SEV_SEP_6HR","95",95
"SEV_SEP_6HR","73",73
"SEV_SEP_6HR","82",82
"SEV_SEP_6HR","50",50
"SEV_SEP_6HR",NA,NA
"SEV_SEP_6HR",NA,NA
"SEV_SEP_6HR",NA,NA
"SEV_SEP_6HR",NA,NA
"SEV_SEP_6HR",NA,NA
"SEV_SEP_6HR",NA,NA
"SEV_SEP_6HR",NA,NA
"SEV_SEP_6HR",NA,NA
"SEV_SEP_6HR","100",100
"SEV_SEP_6HR",NA,NA
"SEV_SEP_6HR","100",100
"SEV_SEP_6HR",NA,NA
"SEV_SEP_6HR",NA,NA
"SEV_SEP_6HR","100",100
"SEV_SEP_6HR",NA,NA
"SEV_SEP_6HR",NA,NA
"SEV_SEP_6HR",NA,NA
"SEV_SEP_6HR",NA,NA
"SEV_SEP_6HR",NA,NA
"SEV_SEP_6HR",NA,NA
"SEV_SEP_6HR","100",100
"SEV_SEP_6HR",NA,NA
"SEV_SEP_6HR",NA,NA
"SEV_SEP_6HR",NA,NA
"SEV_SEP_6HR","100",100
"SEV_SEP_6HR",NA,NA
"SEV_SEP_6HR",NA,NA
"SEV_SEP_6HR",NA,NA
"SEV_SEP_6HR",NA,NA
"SEV_SEP_6HR","95",95
"SEV_SEP_6HR","84",84
"SEV_SEP_6HR",NA,NA
"SEV_SEP_6HR",NA,NA
"SEV_SEP_6HR","93",93
"SEV_SEP_6HR",NA,NA
"SEV_SEP_6HR","95",95
"SEV_SEP_6HR","25",25
"SEV_SEP_6HR",NA,NA
"SEV_SEP_6HR",NA,NA
"SEV_SEP_6HR","95",95
"SEV_SEP_6HR",NA,NA
"SEV_SEP_6HR","82",82
"SEV_SEP_6HR",NA,NA
"SEV_SEP_6HR",NA,NA
"SEV_SEP_6HR",NA,NA
"SEV_SEP_6HR","100",100
"SEV_SEP_6HR",NA,NA
"SEV_SEP_6HR","100",100
"SEV_SEP_6HR","100",100
"SEV_SEP_6HR","96",96
"SEV_SEP_6HR","98",98
"SEV_SEP_6HR",NA,NA
"SEV_SEP_6HR","97",97
"SEV_SEP_6HR",NA,NA
"SEV_SEP_6HR",NA,NA
"SEV_SEP_6HR",NA,NA
"SEV_SEP_6HR",NA,NA
"SEV_SEP_6HR","83",83
"SEV_SEP_6HR",NA,NA
"SEV_SEP_6HR","38",38
"SEV_SEP_6HR",NA,NA
"SEV_SEP_6HR",NA,NA
"SEV_SEP_6HR","98",98
"SEV_SEP_6HR","94",94
"SEV_SEP_6HR","85",85
"SEV_SEP_6HR",NA,NA
"SEV_SEP_6HR","81",81
"SEV_SEP_6HR","96",96
"SEV_SEP_6HR","98",98
"SEV_SEP_6HR","88",88
"SEV_SEP_6HR","100",100
"SEV_SEP_6HR",NA,NA
"SEV_SEP_6HR",NA,NA
"SEV_SEP_6HR",NA,NA
"SEV_SEP_6HR",NA,NA
"SEV_SEP_6HR",NA,NA
"SEV_SEP_6HR",NA,NA
"SEV_SEP_6HR",NA,NA
"SEV_SEP_6HR",NA,NA
"SEV_SEP_6HR",NA,NA
"SEV_SEP_6HR",NA,NA
"SEV_SEP_6HR",NA,NA
"SEV_SEP_6HR",NA,NA
"SEV_SEP_6HR","97",97
"SEV_SEP_6HR",NA,NA
"SEV_SEP_6HR",NA,NA
"SEV_SEP_6HR",NA,NA
"SEV_SEP_6HR","53",53
"SEV_SEP_6HR",NA,NA
"SEV_SEP_6HR",NA,NA
"SEV_SEP_6HR","28",28
"SEV_SEP_6HR",NA,NA
"SEV_SEP_6HR",NA,NA
"SEV_SEP_6HR",NA,NA
"SEV_SEP_6HR",NA,NA
"SEV_SEP_6HR",NA,NA
"SEV_SEP_6HR",NA,NA
"SEV_SEP_6HR","91",91
"SEV_SEP_6HR","75",75
"SEV_SEP_6HR","94",94
"SEV_SEP_6HR","94",94
"SEV_SEP_6HR","86",86
"SEV_SEP_6HR","88",88
"SEV_SEP_6HR","92",92
"SEV_SEP_6HR","82",82
"SEV_SEP_6HR",NA,NA
"SEV_SEP_6HR","93",93
"SEV_SEP_6HR",NA,NA
"SEV_SEP_6HR","94",94
"SEV_SEP_6HR","94",94
"SEV_SEP_6HR",NA,NA
"SEV_SEP_6HR","64",64
"SEV_SEP_6HR","91",91
"SEV_SEP_6HR",NA,NA
"SEV_SEP_6HR","97",97
"SEV_SEP_6HR",NA,NA
"SEV_SEP_6HR",NA,NA
"SEV_SEP_6HR",NA,NA
"SEV_SEP_6HR","100",100
"SEV_SEP_6HR",NA,NA
"SEV_SEP_6HR","94",94
"SEV_SEP_6HR","92",92
"SEV_SEP_6HR","95",95
"SEV_SEP_6HR","92",92
"SEV_SEP_6HR","93",93
"SEV_SEP_6HR","88",88
"SEV_SEP_6HR",NA,NA
"SEV_SEP_6HR",NA,NA
"SEV_SEP_6HR","100",100
"SEV_SEP_6HR",NA,NA
"SEV_SEP_6HR","97",97
"SEV_SEP_6HR","99",99
"SEV_SEP_6HR",NA,NA
"SEV_SEP_6HR","91",91
"SEV_SEP_6HR",NA,NA
"SEV_SEP_6HR",NA,NA
"SEV_SEP_6HR",NA,NA
"SEV_SEP_6HR","84",84
"SEV_SEP_6HR",NA,NA
"SEV_SEP_6HR","99",99
"SEV_SEP_6HR","89",89
"SEV_SEP_6HR",NA,NA
"SEV_SEP_6HR","90",90
"SEV_SEP_6HR","98",98
"SEV_SEP_6HR","100",100
"SEV_SEP_6HR",NA,NA
"SEV_SEP_6HR",NA,NA
"SEV_SEP_6HR","94",94
"SEV_SEP_6HR","96",96
"SEV_SEP_6HR",NA,NA
"SEV_SEP_6HR",NA,NA
"SEV_SEP_6HR",NA,NA
"SEV_SEP_6HR",NA,NA
"SEV_SEP_6HR","100",100
"SEV_SEP_6HR","99",99
"SEV_SEP_6HR",NA,NA
"SEV_SEP_6HR",NA,NA
"SEV_SEP_6HR",NA,NA
"SEV_SEP_6HR",NA,NA
"SEV_SEP_6HR",NA,NA
"SEV_SEP_6HR",NA,NA
"SEV_SEP_6HR",NA,NA
"SEV_SEP_6HR",NA,NA
"SEV_SEP_6HR","100",100
"SEV_SEP_6HR",NA,NA
